Workbook

Sheet 운영 정보
D2: 권역 | E2: 코드 | F2: 건물 | H2: 쓰레기 | I2: 재활용 | J2: 음쓰 | M2: 인원 | N2: 코드 | O2: 권역 | P2: 월 | Q2: 화 | R2: 수 | S2: 목 | T2: 금 | U2: 토 | V2: 일 | W2: 빨래 | X2: 건조 | Y2: 이동 | Z2: 비고 | AA2: 연락처 | AB2: 은행 | AC2: 계좌
B3: 침구류 커버, 수건 교체 | D3: 강동 천호 | E3: A | F3: 예건 | H3: 1층 | I3: 1층 | J3: 봉투 | M3: 마디나 | N3: A | O3: 강동 천호 | P3: 월 | Q3: 화 | R3: 수 | T3: 금 | U3: 토 | V3: 일 | W3: ㅇ | Y3: 뚜벅 | Z3: 돈 필요 | AA3: 010-8447-3332 | AB3: 토스 | AC3: 1001-8877-7919
B4: 침구류 머리카락 | F4: 성우 | H4: 1층 | I4: 1층 | J4: 예건 | N4: B | O4: 강동 북천호 | P4: 월 | Q4: 화 | R4: 수 | T4: 금 | U4: 토 | V4: 일 | W4: ㅇ | Y4: 뚜벅 | Z4: 돈 필요
B5: 거울, 유리 | D5: 강동 북천호 | E5: B | F5: 더하임 | H5: 1층 | I5: 1층 | J5: ?? 카드
B6: 스뎅 수전 | F6: 천호다성 | H6: 1층 | I6: 1층 | J6: ?? | M6: 김정은 | N6: A | O6: 강동 천호 | P6: 월 | Q6: 화 | R6: 수 | S6: 목 | T6: 금 | U6: 토 | V6: 일 | W6: ㅇ | X6: ㅇ | Y6: 뚜벅 | AA6: 010-4737-7534 | AB6: 신한 | AC6: 110-611-123497
B7: 채수구 | D7: 강동 중길동 | E7: C | F7: 은성 | H7: 1층 | I7: 1층 | J7: 봉투 | N7: C | O7: 강동 중길동 | P7: 월 | Q7: 화 | R7: 수 | S7: 목 | T7: 금 | U7: 토 | V7: 일 | W7: ㅇ | X7: ㅇ | Y7: 뚜벅
B8: 화장실 물청소, 변기 | F8: 영무 | H8: 1층 | I8: 1층 | J8: 등록 카드 | N8: D | O8: 강동 북길동 | P8: 월 | Q8: 화 | R8: 수 | S8: 목 | T8: 금 | U8: 토 | V8: 일 | W8: ㅇ | X8: ㅇ | Y8: 뚜벅
B9: 선반, 데스크 등 | D9: 강동 북길동 | E9: D | F9: 청광1차 | H9: 1층 | I9: 1층 | N9: E | O9: 강동 남길동 | P9: 월 | Q9: 화 | R9: 수 | S9: 목 | T9: 금 | U9: 토 | V9: 일 | W9: ㅇ | X9: ㅇ | Y9: 뚜벅
B10: 바닥 청소기 | F10: 길동다성 | H10: 1층 | I10: 1층 | N10: F | O10: 강동 남길동 | P10: 월 | Q10: 화 | R10: 수 | S10: 목 | T10: 금 | U10: 토 | V10: 일 | W10: ㅇ | X10: ㅇ | Y10: 뚜벅
B11: 냉장고 비움 | D11: 강동 남길동 | E11: E | F11: 르센티 | H11: 1층 | I11: 1층
B12: 설거지, 렌지 청소 | F12: 동구햇살 | H12: 1층 | I12: 1층
F13: 강동QV | H13: 1층 | I13: 1층 | M13: 유민정 | N13: C | O13: 강동 중길동 | P13: 월 | Q13: 화 | R13: 수 | S13: 목 | T13: 금 | W13: ㅇ | X13: ㅇ | Y13: 뚜벅 | Z13: 2건 이상 | AA13: 010-5906-7472 | AB13: 우체국 | AC13: 013003-02-307591
B14: 빨래 돌리기 | F14: 렘브 | H14: 1층 | I14: 1층 | N14: D | O14: 강동 북길동 | P14: 월 | Q14: 화 | R14: 수 | S14: 목 | T14: 금 | W14: ㅇ | X14: ㅇ | Y14: 뚜벅 | Z14: 2건 이상
D15: 강동 남길동 | E15: F | F15: 청광3차 | H15: 1층 | I15: 1층 | N15: E | O15: 강동 남길동 | P15: 월 | Q15: 화 | R15: 수 | S15: 목 | T15: 금 | W15: ㅇ | X15: ㅇ | Y15: 뚜벅 | Z15: 2건 이상
F16: 한양립스 | H16: 1층 | I16: 1층
F17: sk2차 | M17: 류지영 | O17: 강동 전역 | P17: 월 | Q17: 화 | R17: 수 | S17: 목 | T17: 금 | U17: 토 | V17: 일 | W17: ㅇ | X17: ㅇ | Y17: 자차 | Z17: 남편 | AA17: 010-4509-5717 | AB17: 카카오 | AC17: 3333-1742-08879
D18: 강동 성내 | E18: G | F18: si | H18: 1층 | I18: 1층 | J18: 봉투 | N18: G | O18: 강동 성내 | P18: 월 | Q18: 화 | R18: 수 | S18: 목 | T18: 금 | U18: 토 | V18: 일 | W18: ㅇ | X18: ㅇ | Y18: 자차 | Z18: 남편
F19: 태상 | H19: 1층 | I19: 1층 | J19: 봉투
F20: 오앤 | H20: 1층 | I20: 1층 | M20: 김정한 | O20: 강동 전역 | P20: 월 | Q20: 화 | R20: 수 | S20: 목 | T20: 금 | U20: 토 | V20: 일 | W20: ㅇ | X20: ㅇ | Y20: 자전거 | AA20: 010-7626-1955 | AB20: 신한 | AC20: 110-314-724-430
D21: 송파 오금 | E21: H | F21: 오금스타 | H21: 1층 | I21: 1층 | J21: 봉투
D22: 하남 미사 | E22: I | F22: 미사 마이움 | H22: 지1층 | I22: 지1층 | J22: 지1층 | M22: 박연실 | N22: C | O22: 강동 중길동 | P22: 월 | Q22: 화 | R22: 수 | S22: 목 | T22: 금 | U22: 토 | V22: 일 | W22: ㅇ | X22: ㅇ | Y22: 자전거 | AB22: 기업 | AC22: 060-018435-02-014
F23: 미사 힐스 | H23: 지1층 | I23: 지1층 | J23: 지1층 | N23: D | O23: 강동 북길동 | P23: 월 | Q23: 화 | R23: 수 | S23: 목 | T23: 금 | U23: 토 | V23: 일 | W23: ㅇ | X23: ㅇ | Y23: 자전거
F24: 미사 롯데 | H24: 지1층 | I24: 지1층 | J24: 지1층 | N24: E | O24: 강동 남길동 | P24: 월 | Q24: 화 | R24: 수 | S24: 목 | T24: 금 | U24: 토 | V24: 일 | W24: ㅇ | X24: ㅇ | Y24: 자전거
D25: 중구 | E25: J | F25: 하람휴 | H25: 전봇대 | I25: 전봇대 | J25: 전봇대 | N25: F | O25: 강동 남길동 | P25: 월 | Q25: 화 | R25: 수 | S25: 목 | T25: 금 | U25: 토 | V25: 일 | W25: ㅇ | X25: ㅇ | Y25: 자전거
D26: 동대문 | E26: K | F26: 선일 | H26: 주차장 | I26: 주차장 | J26: 전봇대 | K26: 빨래 수거
F27: 태솔 | H27: 1층 | I27: 1층 | K27: 빨래 수거 | M27: 공숙길 | P27: 월 | Q27: 화 | R27: 수 | S27: 목 | T27: 금 | U27: 토 | V27: 일 | W27: ㅇ | X27: ㅇ | Y27: 뚜벅 | AA27: 010-5520-3206 | AB27: 우체국 | AC27: 013102-02-582835
F28: 뉴시티 | H28: 지2층 | I28: 지2층 | K28: 빨래 수거
D29: 서울 기타 | E29: L | F29: 방학 | H29: 1층 | I29: 1층 | K29: 빨래 수거
F30: 중화 | H30: 1층 | I30: 1층 | J30: 봉투 | K30: 빨래 수거
F31: 가산 | H31: 1층 | I31: 1층 | J31: 등록 카드
D32: 인천 | E32: M | F32: 카이저 | H32: 1층 | I32: 1층 | J32: 교통 카드
D33: 지방 | E33: N | F33: 블루 | M33: 장승연 | N33: C | O33: 강동 중길동 | P33: 월 | Q33: 화 | R33: 수 | S33: 목 | T33: 금 | U33: 토 | V33: 일 | W33: ㅇ | Y33: 뚜벅 | AA33: 010-2773-2244 | AB33: 하나 | AC33: 142-910597-91407
F34: 수아
M35: 강수미 | N35: G | O35: 강동 성내 | P35: 월 | T35: 금 | U35: 토 | V35: 일 | W35: ㅇ | X35: ㅇ | Y35: 뚜벅 | AA35: 010-2272-4424 | AB35: 신한 | AC35: 110-191-641767
N36: H | O36: 송파 오금 | P36: 월 | T36: 금 | V36: 일 | W36: ㅇ | X36: ㅇ | Y36: 뚜벅 | Z36: 빨래 수거
M38: 박진성 | N38: H | O38: 송파 오금 | Q38: 화 | R38: 수 | S38: 목 | U38: 토 | Y38: 뚜벅 | AA38: 010-6288-7469 | AB38: 농협 | AC38: 100029-56-096965
M40: 김민주 | N40: I | O40: 하남 미사 | P40: 월 | Q40: 화 | R40: 수 | S40: 목 | T40: 금 | U40: 토 | V40: 일 | W40: ㅇ | X40: ㅇ | AB40: 기업 | AC40: 540-004738-02-011
M42: 김영숙 | N42: K | O42: 동대문 | P42: 월 | Q42: 화 | R42: 수 | S42: 목 | T42: 금 | U42: 토 | V42: 일 | W42: ㅇ | X42: ㅇ | Y42: 뚜벅 | AA42: 010-3319-8759 | AB42: 국민 | AC42: 450902-01-350165
M43: 안현기 | N43: K | O43: 동대문, 중화 | P43: 월 | Q43: 화 | R43: 수 | S43: 목 | T43: 금 | U43: 토 | V43: 일 | W43: ㅇ | Y43: 뚜벅 | AA43: 010-6261-2659 | AB43: 카카오 | AC43: 3333-0808-48445
M44: 장미숙 | N44: K | O44: 방학, 동대문, 중화 | P44: 월 | Q44: 화 | R44: 수 | S44: 목 | T44: 금 | U44: 토 | V44: 일 | W44: ㅇ | X44: ㅇ | AA44: 010-3767-3054 | AB44: 국민 | AC44: 83470204316717
M46: 이기섭 | N46: J | O46: 중구 | P46: 월 | Q46: 화 | R46: 수 | S46: 목 | T46: 금 | U46: 토 | V46: 일 | W46: ㅇ | X46: ㅇ | AB46: 우리 | AC46: 1002-7483-67740
M48: 황월규 | N48: L | O48: 가산 | P48: 월 | Q48: 화 | R48: 수 | S48: 목 | T48: 금 | U48: 토 | V48: 일 | W48: ㅇ | X48: ㅇ | AA48: 010-8442-7877 | AB48: 신한 | AC48: 351-12-208982 | AD48: 김미림, 서춘희, 위현숙, 윤현설, 이지영, 정성미
M50: 김정의 | N50: M | O50: 인천 | P50: 월 | Q50: 화 | R50: 수 | S50: 목 | T50: 금 | U50: 토 | V50: 일 | W50: ㅇ | X50: ㅇ | AA50: 010-8860-6157 | AB50: 농협 | AC50: 137-02-279306 | AD50: 스케쥴, 김순응, 김양기, 정순옥, 한순자
N52: N | O52: 울산 | U52: 토 | V52: 일 | W52: ㅇ | X52: ㅇ
P53: 월 | Q53: 화 | R53: 수 | S53: 목 | T53: 금 | W53: ㅇ | X53: ㅇ
M54: 한해숙 | P54: 월 | Q54: 화 | R54: 수 | S54: 목 | T54: 금 | U54: 토 | V54: 일 | W54: ㅇ | X54: ㅇ | Y54: 뚜벅 | AA54: 010-5130-4017 | AB54: 농협 | AC54: 815-0875-6067-124
M57: 김남주 | N57: V | O57: 대치 | AB57: 국민 | AC57: g

Sheet 청소코드
C2: 1 | D2: 2 | E2: 3 | F2: 4 | G2: 5 | H2: 6 | I2: 7 | J2: 8
B3: 번 | C3: 코드 | D3: 권역 | E3: 명칭 | F3: 방 | G3: Q | H3: ss | I3: 화 | J3: 단가 | L3: 방 개수 | M3: 단가 | T3: 단가 기준
B4: 1 | C4: A22 | D4: A 강동 천호 | E4: 예건 202 | F4: 1 | G4: 1 | I4: 1 | J4: =VLOOKUP(F4,$L$3:$M$8,2,0) -> 18000 | L4: 1 | M4: 18000
B5: 2 | C5: A24 | D5: A 강동 천호 | E5: 예건 204 | F5: 1 | G5: 1 | I5: 1 | J5: =VLOOKUP(F5,$L$3:$M$8,2,0) -> 18000 | L5: 1.5 | M5: 20000 | T5: 방 | U5: 11000 | V5: 14000 | W5: 17000 | X5: 20000
B6: 3 | C6: A25 | D6: A 강동 천호 | E6: 예건 205 | F6: 1 | G6: 1 | I6: 1 | J6: =VLOOKUP(F6,$L$3:$M$8,2,0) -> 18000 | L6: 복 | M6: 20000 | T6: 침대 | U6: 2000
B7: 4 | C7: A33 | D7: A 강동 천호 | E7: 예건 303 | F7: 2 | H7: 3 | I7: 1 | J7: =VLOOKUP(F7,$L$3:$M$8,2,0) -> 23000 | L7: 2 | M7: 23000 | T7: 화장실 | U7: 2000
B8: 5 | C8: A44 | D8: A 강동 천호 | E8: 예건 404 | F8: 1 | G8: 1 | I8: 1 | J8: =VLOOKUP(F8,$L$3:$M$8,2,0) -> 18000 | L8: 3 | M8: 30000
B9: 6 | C9: A62 | D9: A 강동 천호 | E9: 예건 602 | F9: 1 | G9: 1 | I9: 1 | J9: =VLOOKUP(F9,$L$3:$M$8,2,0) -> 18000 | L9: 인천 M1 | M9: 50000 | U9: 방 | Y9: 침대 | AC9: 화장실 | AE9: 단가
B10: 7 | C10: A72 | D10: A 강동 천호 | E10: 예건 702 | F10: 1 | G10: 1 | I10: 1 | J10: =VLOOKUP(F10,$L$3:$M$8,2,0) -> 18000 | L10: 인천 M2 | M10: 30000 | U10: 1 | V10: 1.5 | W10: 2 | X10: 3 | Y10: 1 | Z10: 2 | AA10: 3 | AB10: 4 | AC10: 1 | AD10: 2
B11: 8 | C11: A82 | D11: A 강동 천호 | E11: 예건 802 | F11: 1 | G11: 1 | I11: 1 | J11: =VLOOKUP(F11,$L$3:$M$8,2,0) -> 18000 | U11: =U5 -> 11000 | V11: =V5 -> 14000 | W11: =W5 -> 17000 | X11: =X5 -> 20000 | Y11: =$U$6*Y10 -> 2000 | Z11: =$U$6*Z10 -> 4000 | AA11: =$U$6*AA10 -> 6000 | AB11: =$U$6*AB10 -> 8000 | AC11: =$U$7*AC10 -> 2000 | AD11: =$U$7*AD10 -> 4000
B12: 9 | C12: A92 | D12: A 강동 천호 | E12: 예건 902 | F12: 1 | G12: 1 | I12: 1 | J12: =VLOOKUP(F12,$L$3:$M$8,2,0) -> 18000 | T12: 1룸 1베드 | U12: =$U$11 -> 11000 | Y12: =$Y$11 -> 2000 | AC12: =$AC$11 -> 2000 | AE12: =SUM(U12:AD12) -> 15000
B13: 10 | C13: B101 | D13: A2 강동 북천호 | E13: 더하임 1001 | F13: 1 | J13: =VLOOKUP(F13,$L$3:$M$8,2,0) -> 18000 | T13: 1룸 2베드 | U13: =$U$11 -> 11000 | Z13: =$Z$11 -> 4000 | AC13: =$AC$11 -> 2000 | AE13: =SUM(U13:AD13) -> 17000
B14: 11 | C14: B102 | D14: A2 강동 북천호 | E14: 더하임 1002 | F14: 1 | J14: =VLOOKUP(F14,$L$3:$M$8,2,0) -> 18000 | T14: 1룸 3베드 | U14: =$U$11 -> 11000 | AA14: =$AA$11 -> 6000 | AC14: =$AC$11 -> 2000 | AE14: =SUM(U14:AD14) -> 19000
B15: 12 | C15: B103 | D15: A2 강동 북천호 | E15: 더하임 1003 | F15: 1 | J15: =VLOOKUP(F15,$L$3:$M$8,2,0) -> 18000 | T15: 복층 1베드 | V15: =$V$11 -> 14000 | Y15: =$Y$11 -> 2000 | AC15: =$AC$11 -> 2000 | AE15: =SUM(U15:AD15) -> 18000
B16: 13 | C16: B104 | D16: A2 강동 북천호 | E16: 더하임 1004 | F16: 1 | J16: =VLOOKUP(F16,$L$3:$M$8,2,0) -> 18000 | T16: 복층 2베드 | V16: =$V$11 -> 14000 | Z16: =$Z$11 -> 4000 | AC16: =$AC$11 -> 2000 | AE16: =SUM(U16:AD16) -> 20000
B17: 14 | C17: B105 | D17: A2 강동 북천호 | E17: 더하임 1005 | F17: 1 | J17: =VLOOKUP(F17,$L$3:$M$8,2,0) -> 18000 | T17: 복층 3베드 | V17: =$V$11 -> 14000 | AA17: =$AA$11 -> 6000 | AC17: =$AC$11 -> 2000 | AE17: =SUM(U17:AD17) -> 22000
B18: 15 | C18: B106 | D18: A2 강동 북천호 | E18: 더하임 1006 | F18: 1.5 | J18: =VLOOKUP(F18,$L$3:$M$8,2,0) -> 20000 | T18: 1.5룸 1베드 | V18: =$V$11 -> 14000 | Y18: =$Y$11 -> 2000 | AC18: =$AC$11 -> 2000 | AE18: =SUM(U18:AD18) -> 18000
B19: 16 | C19: B22 | D19: A2 강동 북천호 | E19: 더하임 202 | F19: 1 | J19: =VLOOKUP(F19,$L$3:$M$8,2,0) -> 18000 | T19: 1.5룸 2베드 | V19: =$V$11 -> 14000 | Z19: =$Z$11 -> 4000 | AC19: =$AC$11 -> 2000 | AE19: =SUM(U19:AD19) -> 20000
B20: 17 | C20: B23 | D20: A2 강동 북천호 | E20: 더하임 203 | F20: 1 | J20: =VLOOKUP(F20,$L$3:$M$8,2,0) -> 18000 | T20: 2룸 2베드 | W20: =$W$11 -> 17000 | Z20: =$Z$11 -> 4000 | AC20: =$AC$11 -> 2000 | AE20: =SUM(U20:AD20) -> 23000
B21: 18 | C21: B24 | D21: A2 강동 북천호 | E21: 더하임 204 | F21: 1 | G21: 1 | I21: 1 | J21: =VLOOKUP(F21,$L$3:$M$8,2,0) -> 18000 | T21: 2룸 3베드 | W21: =$W$11 -> 17000 | AA21: =$AA$11 -> 6000 | AC21: =$AC$11 -> 2000 | AE21: =SUM(U21:AD21) -> 25000
B22: 19 | C22: B25 | D22: A2 강동 북천호 | E22: 더하임 205 | F22: 1 | J22: =VLOOKUP(F22,$L$3:$M$8,2,0) -> 18000 | T22: 2룸 2베드 2화 | W22: =$W$11 -> 17000 | Z22: =$Z$11 -> 4000 | AD22: =$AD$11 -> 4000 | AE22: =SUM(U22:AD22) -> 25000
B23: 20 | C23: B34 | D23: A2 강동 북천호 | E23: 더하임 304 | F23: 1 | G23: 1 | I23: 1 | J23: =VLOOKUP(F23,$L$3:$M$8,2,0) -> 18000 | T23: 2룸 3베드 2화 | W23: =$W$11 -> 17000 | AA23: =$AA$11 -> 6000 | AD23: =$AD$11 -> 4000 | AE23: =SUM(U23:AD23) -> 27000
B24: 21 | C24: B35 | D24: A2 강동 북천호 | E24: 더하임 305 | F24: 1 | G24: 1 | I24: 1 | J24: =VLOOKUP(F24,$L$3:$M$8,2,0) -> 18000 | T24: 3룸 3베드 | X24: =$X$11 -> 20000 | AA24: =$AA$11 -> 6000 | AC24: =$AC$11 -> 2000 | AE24: =SUM(U24:AD24) -> 28000
B25: 22 | C25: B36 | D25: A2 강동 북천호 | E25: 더하임 306 | F25: 1.5 | G25: 2 | I25: 1 | J25: =VLOOKUP(F25,$L$3:$M$8,2,0) -> 20000 | T25: 3룸 3베드 2화 | X25: =$X$11 -> 20000 | AA25: =$AA$11 -> 6000 | AD25: =$AD$11 -> 4000 | AE25: =SUM(U25:AD25) -> 30000
B26: 23 | C26: B46 | D26: A2 강동 북천호 | E26: 더하임 406 | F26: 1.5 | G26: 1 | I26: 1 | J26: =VLOOKUP(F26,$L$3:$M$8,2,0) -> 20000 | T26: 3룸 4베드 | X26: =$X$11 -> 20000 | AB26: =$AB$11 -> 8000 | AC26: =$AC$11 -> 2000 | AE26: =SUM(U26:AD26) -> 30000
B27: 24 | C27: B54 | D27: A2 강동 북천호 | E27: 더하임 504 | F27: 1 | G27: 1 | I27: 1 | J27: =VLOOKUP(F27,$L$3:$M$8,2,0) -> 18000
B28: 25 | C28: B55 | D28: A2 강동 북천호 | E28: 더하임 505 | F28: 1 | G28: 1 | I28: 1 | J28: =VLOOKUP(F28,$L$3:$M$8,2,0) -> 18000
B29: 26 | C29: B56 | D29: A2 강동 북천호 | E29: 더하임 506 | F29: 1.5 | G29: 2 | I29: 1 | J29: =VLOOKUP(F29,$L$3:$M$8,2,0) -> 20000
B30: 27 | C30: B64 | D30: A2 강동 북천호 | E30: 더하임 604 | F30: 1 | G30: 1 | I30: 1 | J30: =VLOOKUP(F30,$L$3:$M$8,2,0) -> 18000
B31: 28 | C31: B76 | D31: A2 강동 북천호 | E31: 더하임 706 | F31: 1.5 | G31: 1 | I31: 1 | J31: =VLOOKUP(F31,$L$3:$M$8,2,0) -> 20000
B32: 29 | C32: B91 | D32: A2 강동 북천호 | E32: 더하임 901 | F32: 1 | J32: =VLOOKUP(F32,$L$3:$M$8,2,0) -> 18000
B33: 30 | C33: B93 | D33: A2 강동 북천호 | E33: 더하임 903 | F33: 1 | J33: =VLOOKUP(F33,$L$3:$M$8,2,0) -> 18000
B34: 31 | C34: B94 | D34: A2 강동 북천호 | E34: 더하임 904 | F34: 1 | J34: =VLOOKUP(F34,$L$3:$M$8,2,0) -> 18000 | U34: 방
B35: 32 | C35: B95 | D35: A2 강동 북천호 | E35: 더하임 905 | F35: 1 | J35: =VLOOKUP(F35,$L$3:$M$8,2,0) -> 18000 | U35: 1 | V35: 1.5 / 복 | W35: 2 | X35: 3
B36: 33 | C36: C | D36: C 강동 북길동 | E36: 청광1차 207 | J36: 10000 | U36: 11000 | V36: 14000 | W36: 17000 | X36: 20000
B37: 34 | C37: C2 | D37: C 강동 북길동 | E37: 청광1차 608 | F37: 1 | H37: 2 | I37: 1 | J37: =VLOOKUP(F37,$L$3:$M$8,2,0) -> 18000 | U37: 침대
B38: 35 | C38: C3 | D38: C 강동 북길동 | E38: 청광1차 609 | F38: 1 | G38: 1 | I38: 1 | J38: =VLOOKUP(F38,$L$3:$M$8,2,0) -> 18000 | U38: 1 | V38: 2 | W38: 3 | X38: 4
B39: 36 | C39: C4 | D39: C 강동 북길동 | E39: 청광1차 709 | F39: 1 | G39: 1 | I39: 1 | J39: =VLOOKUP(F39,$L$3:$M$8,2,0) -> 18000 | U39: 2000 | V39: 4000 | W39: 6000 | X39: 8000
B40: 37 | C40: C5 | D40: C 강동 북길동 | E40: 청광1차 910 | F40: 1 | G40: 1 | I40: 1 | J40: =VLOOKUP(F40,$L$3:$M$8,2,0) -> 18000 | U40: 화장실
B41: 38 | C41: C6 | D41: C 강동 북길동 | E41: 청광1차 1303 | F41: 1 | G41: 1 | I41: 1 | J41: =VLOOKUP(F41,$L$3:$M$8,2,0) -> 18000 | U41: 1 | V41: 2
B42: 39 | C42: C7 | D42: C 강동 북길동 | E42: 길동다성 506 | F42: 1 | H42: 2 | I42: 1 | J42: =VLOOKUP(F42,$L$3:$M$8,2,0) -> 18000 | U42: 2000 | V42: 4000
B43: 40 | C43: D1 | D43: D 강동 남길동 | E43: 청광3차 1416 | F43: 1 | G43: 1 | I43: 1 | J43: =VLOOKUP(F43,$L$3:$M$8,2,0) -> 18000
B44: 41 | C44: D2 | D44: D 강동 남길동 | E44: 청광3차 214 | F44: 1 | G44: 1 | I44: 1 | J44: =VLOOKUP(F44,$L$3:$M$8,2,0) -> 18000
B45: 42 | C45: D3 | D45: D 강동 남길동 | E45: 청광3차 507 | F45: 1 | G45: 1 | I45: 1 | J45: =VLOOKUP(F45,$L$3:$M$8,2,0) -> 18000
B46: 43 | C46: D4 | D46: D 강동 남길동 | E46: 청광3차 806 | F46: 1 | G46: 1 | I46: 1 | J46: =VLOOKUP(F46,$L$3:$M$8,2,0) -> 18000
B47: 44 | C47: D5 | D47: D 강동 남길동 | E47: 청광3차 1315 | F47: 1 | G47: 1 | I47: 1 | J47: =VLOOKUP(F47,$L$3:$M$8,2,0) -> 18000
B48: 45 | C48: D6 | D48: D 강동 남길동 | E48: 청광3차 1412 | F48: 1 | G48: 1 | I48: 1 | J48: =VLOOKUP(F48,$L$3:$M$8,2,0) -> 18000
B49: 46 | C49: D7 | D49: D 강동 남길동 | E49: SK2차 623 | F49: 1 | G49: 1 | I49: 1 | J49: =VLOOKUP(F49,$L$3:$M$8,2,0) -> 18000
B50: 47 | C50: D8 | D50: D 강동 남길동 | E50: 강동QV 1604 | F50: 1 | G50: 1 | I50: 1 | J50: =VLOOKUP(F50,$L$3:$M$8,2,0) -> 18000
B51: 48 | C51: E1 | D51: E 강동 남길동 | E51: 르센티 1801 | F51: 복 | G51: 1 | H51: 1 | I51: 1 | J51: =VLOOKUP(F51,$L$3:$M$8,2,0) -> 20000
B52: 49 | C52: E2 | D52: E 강동 남길동 | E52: 르센티 1106 | F52: 복 | G52: 2 | I52: 1 | J52: =VLOOKUP(F52,$L$3:$M$8,2,0) -> 20000
B53: 50 | C53: E3 | D53: E 강동 남길동 | E53: 렘브 204 | F53: 1 | G53: 1 | I53: 1 | J53: =VLOOKUP(F53,$L$3:$M$8,2,0) -> 18000
B54: 51 | C54: E4 | D54: E 강동 남길동 | E54: 렘브 505 | F54: 1 | G54: 1 | I54: 1 | J54: =VLOOKUP(F54,$L$3:$M$8,2,0) -> 18000
B55: 52 | C55: E5 | D55: E 강동 남길동 | E55: 동구햇살 1203 | F55: 복 | G55: 2 | I55: 1 | J55: =VLOOKUP(F55,$L$3:$M$8,2,0) -> 20000
B56: 53 | C56: F1 | D56: F 강동 둔촌 | E56: 한양립스 503 | F56: 1 | G56: 1 | I56: 1 | J56: =VLOOKUP(F56,$L$3:$M$8,2,0) -> 18000
B57: 54 | C57: F2 | D57: F 강동 둔촌 | E57: 오앤 401 | F57: 1 | G57: 1 | I57: 1 | J57: =VLOOKUP(F57,$L$3:$M$8,2,0) -> 18000
B58: 55 | C58: F3 | D58: F 강동 둔촌 | E58: 태상 501 | F58: 2 | H58: 2 | I58: 1 | J58: =VLOOKUP(F58,$L$3:$M$8,2,0) -> 23000
B59: 56 | C59: G1 | D59: G 강동 성내 | E59: si 403 | F59: 1 | G59: 2 | I59: 1 | J59: =VLOOKUP(F59,$L$3:$M$8,2,0) -> 18000
B60: 57 | C60: G2 | D60: G 강동 성내 | E60: si 502 | F60: 1 | G60: 1 | I60: 1 | J60: 20000
B61: 58 | C61: G3 | D61: G 강동 성내 | E61: si 602 | F61: 1 | G61: 1 | I61: 1 | J61: 20000
B62: 59 | C62: H | D62: H 송파 오금 | E62: 오금 빨래 수거 | J62: 0
B63: 60 | C63: H12 | D63: H 송파 오금 | E63: 오금스타 102 | F63: 1 | G63: 1 | I63: 1 | J63: =VLOOKUP(F63,$L$3:$M$8,2,0) -> 18000
B64: 61 | C64: H13 | D64: H 송파 오금 | E64: 오금스타 103 | F64: 1 | H64: 1 | I64: 1 | J64: =VLOOKUP(F64,$L$3:$M$8,2,0) -> 18000
B65: 62 | C65: H21 | D65: H 송파 오금 | E65: 오금스타 201 | F65: 1 | G65: 1 | I65: 1 | J65: =VLOOKUP(F65,$L$3:$M$8,2,0) -> 18000
B66: 63 | C66: H23 | D66: H 송파 오금 | E66: 오금스타 203 | F66: 1 | H66: 1 | I66: 1 | J66: =VLOOKUP(F66,$L$3:$M$8,2,0) -> 18000
B67: 64 | C67: H25 | D67: H 송파 오금 | E67: 오금스타 205 | F67: 1 | H67: 2 | I67: 1 | J67: =VLOOKUP(F67,$L$3:$M$8,2,0) -> 18000
B68: 65 | C68: H33 | D68: H 송파 오금 | E68: 오금스타 303 | F68: 1 | H68: 1 | I68: 1 | J68: =VLOOKUP(F68,$L$3:$M$8,2,0) -> 18000
B69: 66 | C69: H41 | D69: H 송파 오금 | E69: 오금스타 401 | F69: 1 | G69: 1 | I69: 1 | J69: =VLOOKUP(F69,$L$3:$M$8,2,0) -> 18000
B70: 67 | C70: H42 | D70: H 송파 오금 | E70: 오금스타 402 | F70: 1 | G70: 1 | I70: 1 | J70: =VLOOKUP(F70,$L$3:$M$8,2,0) -> 18000
B71: 68 | C71: H52 | D71: H 송파 오금 | E71: 오금스타 502 | F71: 1 | J71: =VLOOKUP(F71,$L$3:$M$8,2,0) -> 18000
B72: 69 | C72: I1 | D72: I 하남 미사 | E72: 미사 마이움 102-803 | F72: 1 | G72: 1 | I72: 1 | J72: 25000
B73: 70 | C73: I2 | D73: I 하남 미사 | E73: 미사 힐스 804 | F73: 1 | G73: 1 | I73: 1 | J73: 25000
B74: 71 | C74: I3 | D74: I 하남 미사 | E74: 미사 롯데 960 | F74: 1 | G74: 1 | I74: 1 | J74: 25000
B75: 72 | C75: J1 | D75: A2 강동 북천호 | E75: 천호다성 603 | F75: 2 | G75: 1 | H75: 2 | I75: 1 | J75: =VLOOKUP(F75,$L$3:$M$8,2,0) -> 23000
B76: 73 | C76: J2 | D76: B 강동 중길동 | E76: 은성 603 | F76: 1 | H76: 3 | I76: 1 | J76: =VLOOKUP(F76,$L$3:$M$8,2,0) -> 18000
B77: 74 | C77: J4 | D77: B 강동 중길동 | E77: 영무 302 | F77: 1.5 | G77: 1 | H77: 1 | I77: 1 | J77: =VLOOKUP(F77,$L$3:$M$8,2,0) -> 20000
B78: 75 | C78: J5 | D78: B 강동 중길동 | E78: 영무 1008 | F78: 1 | G78: 1 | I78: 1 | J78: =VLOOKUP(F78,$L$3:$M$8,2,0) -> 18000
B79: 76 | C79: K1 | D79: K 동대문 | E79: 선일 101 | F79: 2 | G79: 3 | I79: 1 | J79: =VLOOKUP(F79,$L$3:$M$8,2,0) -> 23000
B80: 77 | C80: K2 | D80: K 동대문 | E80: 태솔 205 | F80: 3 | G80: 4 | I80: 2 | J80: =VLOOKUP(F80,$L$3:$M$8,2,0) -> 30000
B81: 78 | C81: K3 | D81: K 동대문 | E81: 뉴시티 1413 | F81: 1 | H81: 1 | I81: 1 | J81: =VLOOKUP(F81,$L$3:$M$8,2,0) -> 18000
B82: 79 | C82: K4 | D82: L 서울 기타 | E82: 세종에코 304 | F82: 2 | G82: 1 | H82: 2 | I82: 1 | J82: =VLOOKUP(F82,$L$3:$M$8,2,0) -> 23000
B83: 80 | C83: K5 | D83: L 서울 기타 | E83: 방학 709 | F83: 복 | H83: 1 | I83: 1 | J83: 25000
B84: 81 | C84: L1 | D84: L 서울 기타 | E84: 가산 지웰 328 | F84: 1 | G84: 1 | I84: 1 | J84: 30000
B85: 82 | C85: L2 | D85: J 중구 | E85: 하람휴 902 | F85: 2 | G85: 2 | I85: 1 | J85: =VLOOKUP(F85,$L$3:$M$8,2,0) -> 23000
B86: 83 | C86: L3 | D86: J 중구 | E86: 하람휴 1102 | F86: 2 | G86: 2 | I86: 1 | J86: =VLOOKUP(F86,$L$3:$M$8,2,0) -> 23000
B87: 84 | C87: L4 | D87: J 중구 | E87: 하람휴 901 | F87: 2 | G87: 1 | H87: 1 | I87: 1 | J87: =VLOOKUP(F87,$L$3:$M$8,2,0) -> 23000
B88: 85 | C88: L5 | D88: J 중구 | E88: 하람휴 1001 | F88: 2 | H88: 6 | I88: 1 | J88: =VLOOKUP(F88,$L$3:$M$8,2,0) -> 23000
B89: 86 | C89: L6 | D89: L 서울 기타 | E89: 가온빌 102 | F89: 2 | G89: 2 | I89: 1 | J89: 30000
B90: 87 | C90: M1 | D90: M 인천 | E90: 카이저 101-1204 | F90: 3 | G90: 1 | H90: 2 | I90: 2 | J90: =#REF! -> #REF!
B91: 88 | C91: M2 | D91: M 인천 | E91: 카이저 203-308 | F91: 2 | G91: 1 | H91: 1 | I91: 2 | J91: =#REF! -> #REF!
B92: 89 | C92: N1 | D92: N 지방 | E92: 울산 블루 307 | F92: 복 | G92: 2 | H92: 1 | I92: 1 | J92: 30000
B93: 90 | C93: N2 | D93: N 지방 | E93: 울산 블루 315 | F93: 복 | G93: 2 | H93: 1 | I93: 1 | J93: 30000
B94: 91 | C94: N3 | D94: N 지방 | E94: 울산 수아 1007 | F94: 2 | H94: 2 | I94: 1 | J94: 30000
B95: 92 | C95: N4 | D95: N 지방 | E95: 울산 자이 101-2407 | F95: 1 | H95: 1 | I95: 1 | J95: =VLOOKUP(F95,$L$3:$M$8,2,0) -> 18000
B96: 93 | C96: S | D96: S 센텀 1차 | E96: 센텀 101 | J96: 10000
B97: 94 | C97: S1 | D97: S 천호 | E97: 미사아름채 1310호 | F97: 1.5 | J97: =VLOOKUP(F97,$L$3:$M$8,2,0) -> 20000
B98: 95 | C98: T31 | D98: T 센텀 2차 | E98: 센텀 2차 301 | F98: 1.5 | G98: 1 | I98: 1 | J98: =VLOOKUP(F98,$L$3:$M$8,2,0) -> 20000
B99: 96 | C99: T32 | D99: T 센텀 2차 | E99: 센텀 2차 302 | F99: 1.5 | I99: 1 | J99: =VLOOKUP(F99,$L$3:$M$8,2,0) -> 20000
B100: 97 | C100: T46 | D100: T 센텀 2차 | E100: 센텀 2차 406 | F100: 1.5 | G100: 1 | I100: 1 | J100: =VLOOKUP(F100,$L$3:$M$8,2,0) -> 20000
B101: 98 | C101: T51 | D101: T 센텀 2차 | E101: 센텀 2차 501 | F101: 1.5 | G101: 1 | I101: 1 | J101: =VLOOKUP(F101,$L$3:$M$8,2,0) -> 20000
...

Sheet 과거
A1: 청소일자 | B1: 요일 | C1: 코드 | D1: 숙소명 | E1: 방 | F1: 워크맨 | G1: 체크사항/요구사항 | H1: 입금체크 | I1: 입력체크 | J1: 운영 지출
A2: 청소일자 | B2: 요일 | C2: 코드 | D2: 숙소명 | E2: 수 | F2: 담당 | G2: 체크사항/요구사항 | H2: 입금체크 | I2: 입력체크 | J2: 총 금액(B) | K2: 기본비 | L2: 추가비 | M2: 침구 관리 | N2: 물품 구입 | O2: 백업
A3: 46055 | B3: =TEXT(A3,"aaa") -> 월 | C3: T46 | D3: =VLOOKUP($C3,청소코드!$C$4:$J$188,3,FALSE) -> 센텀 2차 406 | E3: =VLOOKUP($C3,청소코드!$C$4:$J$188,4,FALSE) -> 1.5 | F3: 공숙길 | G3: 기상악화 | I3: 완료 | J3: =SUM(K3:O3) -> 25000 | K3: =VLOOKUP($C3,청소코드!$C$4:$J$188,8,FALSE) -> 20000 | L3: 5000
A4: 46055 | B4: =TEXT(A4,"aaa") -> 월 | C4: U83 | D4: =VLOOKUP($C4,청소코드!$C$4:$J$188,3,FALSE) -> 성우 803 | E4: =VLOOKUP($C4,청소코드!$C$4:$J$188,4,FALSE) -> 3 | F4: 김정은 | G4: 기상악화, 세면대 고장 | I4: 완료 | J4: =SUM(K4:O4) -> 35000 | K4: =VLOOKUP($C4,청소코드!$C$4:$J$188,8,FALSE) -> 30000 | L4: 5000
A5: 46055 | B5: =TEXT(A5,"aaa") -> 월 | C5: A62 | D5: =VLOOKUP($C5,청소코드!$C$4:$J$188,3,FALSE) -> 예건 602 | E5: =VLOOKUP($C5,청소코드!$C$4:$J$188,4,FALSE) -> 1 | F5: 김정은 | I5: 완료 | J5: =SUM(K5:O5) -> 18000 | K5: =VLOOKUP($C5,청소코드!$C$4:$J$188,8,FALSE) -> 18000
A6: 46055 | B6: =TEXT(A6,"aaa") -> 월 | C6: B36 | D6: =VLOOKUP($C6,청소코드!$C$4:$J$188,3,FALSE) -> 더하임 306 | E6: =VLOOKUP($C6,청소코드!$C$4:$J$188,4,FALSE) -> 1.5 | F6: 류지영 | G6: 기상악화 | I6: 완료 | J6: =SUM(K6:O6) -> 25000 | K6: =VLOOKUP($C6,청소코드!$C$4:$J$188,8,FALSE) -> 20000 | L6: 5000
A7: 46055 | B7: =TEXT(A7,"aaa") -> 월 | C7: B54 | D7: =VLOOKUP($C7,청소코드!$C$4:$J$188,3,FALSE) -> 더하임 504 | E7: =VLOOKUP($C7,청소코드!$C$4:$J$188,4,FALSE) -> 1 | F7: 류지영 | I7: 완료 | J7: =SUM(K7:O7) -> 18000 | K7: =VLOOKUP($C7,청소코드!$C$4:$J$188,8,FALSE) -> 18000
A8: 46055 | B8: =TEXT(A8,"aaa") -> 월 | C8: B56 | D8: =VLOOKUP($C8,청소코드!$C$4:$J$188,3,FALSE) -> 더하임 506 | E8: =VLOOKUP($C8,청소코드!$C$4:$J$188,4,FALSE) -> 1.5 | F8: 류지영 | I8: 완료 | J8: =SUM(K8:O8) -> 20000 | K8: =VLOOKUP($C8,청소코드!$C$4:$J$188,8,FALSE) -> 20000
A9: 46055 | B9: =TEXT(A9,"aaa") -> 월 | C9: B64 | D9: =VLOOKUP($C9,청소코드!$C$4:$J$188,3,FALSE) -> 더하임 604 | E9: =VLOOKUP($C9,청소코드!$C$4:$J$188,4,FALSE) -> 1 | F9: 류지영 | I9: 완료 | J9: =SUM(K9:O9) -> 18000 | K9: =VLOOKUP($C9,청소코드!$C$4:$J$188,8,FALSE) -> 18000
A10: 46055 | B10: =TEXT(A10,"aaa") -> 월 | C10: D1 | D10: =VLOOKUP($C10,청소코드!$C$4:$J$188,3,FALSE) -> 청광3차 1416 | E10: =VLOOKUP($C10,청소코드!$C$4:$J$188,4,FALSE) -> 1 | F10: 마디나 | G10: 기상악화 | I10: 완료 | J10: =SUM(K10:O10) -> 23000 | K10: =VLOOKUP($C10,청소코드!$C$4:$J$188,8,FALSE) -> 18000 | L10: 5000
A11: 46055 | B11: =TEXT(A11,"aaa") -> 월 | C11: D6 | D11: =VLOOKUP($C11,청소코드!$C$4:$J$188,3,FALSE) -> 청광3차 1412 | E11: =VLOOKUP($C11,청소코드!$C$4:$J$188,4,FALSE) -> 1 | F11: 마디나 | I11: 완료 | J11: =SUM(K11:O11) -> 18000 | K11: =VLOOKUP($C11,청소코드!$C$4:$J$188,8,FALSE) -> 18000
A12: 46055 | B12: =TEXT(A12,"aaa") -> 월 | C12: E1 | D12: =VLOOKUP($C12,청소코드!$C$4:$J$188,3,FALSE) -> 르센티 1801 | E12: =VLOOKUP($C12,청소코드!$C$4:$J$188,4,FALSE) -> 복 | F12: 박연실 | G12: 기상악화 | I12: 완료 | J12: =SUM(K12:O12) -> 25000 | K12: =VLOOKUP($C12,청소코드!$C$4:$J$188,8,FALSE) -> 20000 | L12: 5000
A13: 46055 | B13: =TEXT(A13,"aaa") -> 월 | C13: F2 | D13: =VLOOKUP($C13,청소코드!$C$4:$J$188,3,FALSE) -> 오앤 401 | E13: =VLOOKUP($C13,청소코드!$C$4:$J$188,4,FALSE) -> 1 | F13: 박연실 | I13: 완료 | J13: =SUM(K13:O13) -> 18000 | K13: =VLOOKUP($C13,청소코드!$C$4:$J$188,8,FALSE) -> 18000
A14: 46055 | B14: =TEXT(A14,"aaa") -> 월 | C14: C | D14: =VLOOKUP($C14,청소코드!$C$4:$J$188,3,FALSE) -> 청광1차 207 | E14: =VLOOKUP($C14,청소코드!$C$4:$J$188,4,FALSE) -> 0 | F14: 박연실 | I14: 완료 | J14: =SUM(K14:O14) -> 10000 | K14: =VLOOKUP($C14,청소코드!$C$4:$J$188,8,FALSE) -> 10000
A15: 46056 | B15: =TEXT(A15,"aaa") -> 화 | C15: T51 | D15: =VLOOKUP($C15,청소코드!$C$4:$J$188,3,FALSE) -> 센텀 2차 501 | E15: =VLOOKUP($C15,청소코드!$C$4:$J$188,4,FALSE) -> 1.5 | F15: 김정은 | I15: 완료 | J15: =SUM(K15:O15) -> 20000 | K15: =VLOOKUP($C15,청소코드!$C$4:$J$188,8,FALSE) -> 20000
A16: 46056 | B16: =TEXT(A16,"aaa") -> 화 | C16: A62 | D16: =VLOOKUP($C16,청소코드!$C$4:$J$188,3,FALSE) -> 예건 602 | E16: =VLOOKUP($C16,청소코드!$C$4:$J$188,4,FALSE) -> 1 | F16: 김정은 | G16: 침대 수리필요 | I16: 완료 | J16: =SUM(K16:O16) -> 18000 | K16: =VLOOKUP($C16,청소코드!$C$4:$J$188,8,FALSE) -> 18000
A17: 46056 | B17: =TEXT(A17,"aaa") -> 화 | C17: B24 | D17: =VLOOKUP($C17,청소코드!$C$4:$J$188,3,FALSE) -> 더하임 204 | E17: =VLOOKUP($C17,청소코드!$C$4:$J$188,4,FALSE) -> 1 | F17: 류지영 | I17: 완료 | J17: =SUM(K17:O17) -> 18000 | K17: =VLOOKUP($C17,청소코드!$C$4:$J$188,8,FALSE) -> 18000
A18: 46056 | B18: =TEXT(A18,"aaa") -> 화 | C18: B54 | D18: =VLOOKUP($C18,청소코드!$C$4:$J$188,3,FALSE) -> 더하임 504 | E18: =VLOOKUP($C18,청소코드!$C$4:$J$188,4,FALSE) -> 1 | F18: 류지영 | I18: 완료 | J18: =SUM(K18:O18) -> 18000 | K18: =VLOOKUP($C18,청소코드!$C$4:$J$188,8,FALSE) -> 18000
A19: 46056 | B19: =TEXT(A19,"aaa") -> 화 | C19: B64 | D19: =VLOOKUP($C19,청소코드!$C$4:$J$188,3,FALSE) -> 더하임 604 | E19: =VLOOKUP($C19,청소코드!$C$4:$J$188,4,FALSE) -> 1 | F19: 류지영 | I19: 완료 | J19: =SUM(K19:O19) -> 18000 | K19: =VLOOKUP($C19,청소코드!$C$4:$J$188,8,FALSE) -> 18000
A20: 46056 | B20: =TEXT(A20,"aaa") -> 화 | C20: D3 | D20: =VLOOKUP($C20,청소코드!$C$4:$J$188,3,FALSE) -> 청광3차 507 | E20: =VLOOKUP($C20,청소코드!$C$4:$J$188,4,FALSE) -> 1 | F20: 유민정 | I20: 완료 | J20: =SUM(K20:O20) -> 18000 | K20: =VLOOKUP($C20,청소코드!$C$4:$J$188,8,FALSE) -> 18000
A21: 46056 | B21: =TEXT(A21,"aaa") -> 화 | C21: D6 | D21: =VLOOKUP($C21,청소코드!$C$4:$J$188,3,FALSE) -> 청광3차 1412 | E21: =VLOOKUP($C21,청소코드!$C$4:$J$188,4,FALSE) -> 1 | F21: 유민정 | I21: 완료 | J21: =SUM(K21:O21) -> 18000 | K21: =VLOOKUP($C21,청소코드!$C$4:$J$188,8,FALSE) -> 18000
A22: 46056 | B22: =TEXT(A22,"aaa") -> 화 | C22: D8 | D22: =VLOOKUP($C22,청소코드!$C$4:$J$188,3,FALSE) -> 강동QV 1604 | E22: =VLOOKUP($C22,청소코드!$C$4:$J$188,4,FALSE) -> 1 | F22: 공숙길 | I22: 완료 | J22: =SUM(K22:O22) -> 18000 | K22: =VLOOKUP($C22,청소코드!$C$4:$J$188,8,FALSE) -> 18000
A23: 46056 | B23: =TEXT(A23,"aaa") -> 화 | C23: E1 | D23: =VLOOKUP($C23,청소코드!$C$4:$J$188,3,FALSE) -> 르센티 1801 | E23: =VLOOKUP($C23,청소코드!$C$4:$J$188,4,FALSE) -> 복 | F23: 공숙길 | I23: 완료 | J23: =SUM(K23:O23) -> 20000 | K23: =VLOOKUP($C23,청소코드!$C$4:$J$188,8,FALSE) -> 20000
A24: 46056 | B24: =TEXT(A24,"aaa") -> 화 | C24: F2 | D24: =VLOOKUP($C24,청소코드!$C$4:$J$188,3,FALSE) -> 오앤 401 | E24: =VLOOKUP($C24,청소코드!$C$4:$J$188,4,FALSE) -> 1 | F24: 박연실 | I24: 완료 | J24: =SUM(K24:O24) -> 18000 | K24: =VLOOKUP($C24,청소코드!$C$4:$J$188,8,FALSE) -> 18000
A25: 46056 | B25: =TEXT(A25,"aaa") -> 화 | C25: C | D25: =VLOOKUP($C25,청소코드!$C$4:$J$188,3,FALSE) -> 청광1차 207 | E25: =VLOOKUP($C25,청소코드!$C$4:$J$188,4,FALSE) -> 0 | F25: 박연실 | I25: 완료 | J25: =SUM(K25:O25) -> 10000 | K25: =VLOOKUP($C25,청소코드!$C$4:$J$188,8,FALSE) -> 10000
A26: 46057 | B26: =TEXT(A26,"aaa") -> 수 | C26: V13 | D26: =VLOOKUP($C26,청소코드!$C$4:$J$188,3,FALSE) -> 대치동 103호 | E26: =VLOOKUP($C26,청소코드!$C$4:$J$188,4,FALSE) -> 1.5 | F26: 오재관 | I26: 완료 | J26: =SUM(K26:O26) -> 20000 | K26: =VLOOKUP($C26,청소코드!$C$4:$J$188,8,FALSE) -> 20000
A27: 46057 | B27: =TEXT(A27,"aaa") -> 수 | C27: T46 | D27: =VLOOKUP($C27,청소코드!$C$4:$J$188,3,FALSE) -> 센텀 2차 406 | E27: =VLOOKUP($C27,청소코드!$C$4:$J$188,4,FALSE) -> 1.5 | F27: 마디나 | I27: 완료 | J27: =SUM(K27:O27) -> 20000 | K27: =VLOOKUP($C27,청소코드!$C$4:$J$188,8,FALSE) -> 20000
A28: 46057 | B28: =TEXT(A28,"aaa") -> 수 | C28: T51 | D28: =VLOOKUP($C28,청소코드!$C$4:$J$188,3,FALSE) -> 센텀 2차 501 | E28: =VLOOKUP($C28,청소코드!$C$4:$J$188,4,FALSE) -> 1.5 | F28: 마디나 | I28: 완료 | J28: =SUM(K28:O28) -> 20000 | K28: =VLOOKUP($C28,청소코드!$C$4:$J$188,8,FALSE) -> 20000
... A43: 46058 | B43: =TEXT(A43,"aaa") -> 목 | C43: E1 | D43: =VLOOKUP($C43,청소코드!$C$4:$J$188,3,FALSE) -> 르센티 1801 | E43: =VLOOKUP($C43,청소코드!$C$4:$J$188,4,FALSE) -> 복 | F43: 유민정 | I43: 완료 | J43: =SUM(K43:O43) -> 20000 | K43: =VLOOKUP($C43,청소코드!$C$4:$J$188,8,FALSE) -> 20000
A44: 46058 | B44: =TEXT(A44,"aaa") -> 목 | C44: E5 | D44: =VLOOKUP($C44,청소코드!$C$4:$J$188,3,FALSE) -> 동구햇살 1203 | E44: =VLOOKUP($C44,청소코드!$C$4:$J$188,4,FALSE) -> 복 | F44: 김정은 | G44: 종랑제처리, 귤값 | I44: 완료 | J44: =SUM(K44:O44) -> 30000 | K44: =VLOOKUP($C44,청소코드!$C$4:$J$188,8,FALSE) -> 20000 | L44: 10000
A45: 46058 | B45: =TEXT(A45,"aaa") -> 목 | C45: A72 | D45: =VLOOKUP($C45,청소코드!$C$4:$J$188,3,FALSE) -> 예건 702 | E45: =VLOOKUP($C45,청소코드!$C$4:$J$188,4,FALSE) -> 1 | F45: 김정은 | I45: 완료 | J45: =SUM(K45:O45) -> 18000 | K45: =VLOOKUP($C45,청소코드!$C$4:$J$188,8,FALSE) -> 18000
A46: 46058 | B46: =TEXT(A46,"aaa") -> 목 | C46: T46 | D46: =VLOOKUP($C46,청소코드!$C$4:$J$188,3,FALSE) -> 센텀 2차 406 | E46: =VLOOKUP($C46,청소코드!$C$4:$J$188,4,FALSE) -> 1.5 | F46: 박연실 | I46: 완료 | J46: =SUM(K46:O46) -> 20000 | K46: =VLOOKUP($C46,청소코드!$C$4:$J$188,8,FALSE) -> 20000
A47: 46058 | B47: =TEXT(A47,"aaa") -> 목 | C47: F2 | D47: =VLOOKUP($C47,청소코드!$C$4:$J$188,3,FALSE) -> 오앤 401 | E47: =VLOOKUP($C47,청소코드!$C$4:$J$188,4,FALSE) -> 1 | F47: 박연실 | I47: 완료 | J47: =SUM(K47:O47) -> 18000 | K47: =VLOOKUP($C47,청소코드!$C$4:$J$188,8,FALSE) -> 18000
A48: 46058 | B48: =TEXT(A48,"aaa") -> 목 | C48: L2 | D48: =VLOOKUP($C48,청소코드!$C$4:$J$188,3,FALSE) -> 하람휴 902 | E48: =VLOOKUP($C48,청소코드!$C$4:$J$188,4,FALSE) -> 2 | F48: 이기섭 | I48: 완료 | J48: =SUM(K48:O48) -> 23000 | K48: =VLOOKUP($C48,청소코드!$C$4:$J$188,8,FALSE) -> 23000
A49: 46058 | B49: =TEXT(A49,"aaa") -> 목 | C49: C | D49: =VLOOKUP($C49,청소코드!$C$4:$J$188,3,FALSE) -> 청광1차 207 | E49: =VLOOKUP($C49,청소코드!$C$4:$J$188,4,FALSE) -> 0 | F49: 박연실 | I49: 완료 | J49: =SUM(K49:O49) -> 10000 | K49: =VLOOKUP($C49,청소코드!$C$4:$J$188,8,FALSE) -> 10000
A50: 46059 | B50: =TEXT(A50,"aaa") -> 금 | C50: U83 | D50: =VLOOKUP($C50,청소코드!$C$4:$J$188,3,FALSE) -> 성우 803 | E50: =VLOOKUP($C50,청소코드!$C$4:$J$188,4,FALSE) -> 3 | F50: 공숙길 | I50: 완료 | J50: =SUM(K50:O50) -> 30000 | K50: =VLOOKUP($C50,청소코드!$C$4:$J$188,8,FALSE) -> 30000
A51: 46059 | B51: =TEXT(A51,"aaa") -> 금 | C51: B24 | D51: =VLOOKUP($C51,청소코드!$C$4:$J$188,3,FALSE) -> 더하임 204 | E51: =VLOOKUP($C51,청소코드!$C$4:$J$188,4,FALSE) -> 1 | F51: 박연실 | I51: 완료 | J51: =SUM(K51:O51) -> 18000 | K51: =VLOOKUP($C51,청소코드!$C$4:$J$188,8,FALSE) -> 18000
A52: 46059 | B52: =TEXT(A52,"aaa") -> 금 | C52: B36 | D52: =VLOOKUP($C52,청소코드!$C$4:$J$188,3,FALSE) -> 더하임 306 | E52: =VLOOKUP($C52,청소코드!$C$4:$J$188,4,FALSE) -> 1.5 | F52: 박연실 | I52: 완료 | J52: =SUM(K52:O52) -> 20000 | K52: =VLOOKUP($C52,청소코드!$C$4:$J$188,8,FALSE) -> 20000
A53: 46059 | B53: =TEXT(A53,"aaa") -> 금 | C53: D3 | D53: =VLOOKUP($C53,청소코드!$C$4:$J$188,3,FALSE) -> 청광3차 507 | E53: =VLOOKUP($C53,청소코드!$C$4:$J$188,4,FALSE) -> 1 | F53: 김정은 | I53: 완료 | J53: =SUM(K53:O53) -> 18000 | K53: =VLOOKUP($C53,청소코드!$C$4:$J$188,8,FALSE) -> 18000
A54: 46059 | B54: =TEXT(A54,"aaa") -> 금 | C54: D6 | D54: =VLOOKUP($C54,청소코드!$C$4:$J$188,3,FALSE) -> 청광3차 1412 | E54: =VLOOKUP($C54,청소코드!$C$4:$J$188,4,FALSE) -> 1 | F54: 김정은 | I54: 완료 | J54: =SUM(K54:O54) -> 18000 | K54: =VLOOKUP($C54,청소코드!$C$4:$J$188,8,FALSE) -> 18000
A55: 46059 | B55: =TEXT(A55,"aaa") -> 금 | C55: D8 | D55: =VLOOKUP($C55,청소코드!$C$4:$J$188,3,FALSE) -> 강동QV 1604 | E55: =VLOOKUP($C55,청소코드!$C$4:$J$188,4,FALSE) -> 1 | F55: 마디나 | I55: 완료 | J55: =SUM(K55:O55) -> 18000 | K55: =VLOOKUP($C55,청소코드!$C$4:$J$188,8,FALSE) -> 18000
A56: 46059 | B56: =TEXT(A56,"aaa") -> 금 | C56: T46 | D56: =VLOOKUP($C56,청소코드!$C$4:$J$188,3,FALSE) -> 센텀 2차 406 | E56: =VLOOKUP($C56,청소코드!$C$4:$J$188,4,FALSE) -> 1.5 | F56: 마디나 | I56: 완료 | J56: =SUM(K56:O56) -> 20000 | K56: =VLOOKUP($C56,청소코드!$C$4:$J$188,8,FALSE) -> 20000
... A59: 46059 | B59: =TEXT(A59,"aaa") -> 금 | C59: E5 | D59: =VLOOKUP($C59,청소코드!$C$4:$J$188,3,FALSE) -> 동구햇살 1203 | E59: =VLOOKUP($C59,청소코드!$C$4:$J$188,4,FALSE) -> 복 | F59: 박연실 | I59: 완료 | J59: =SUM(K59:O59) -> 20000 | K59: =VLOOKUP($C59,청소코드!$C$4:$J$188,8,FALSE) -> 20000
A60: 46059 | B60: =TEXT(A60,"aaa") -> 금 | C60: H42 | D60: =VLOOKUP($C60,청소코드!$C$4:$J$188,3,FALSE) -> 오금스타 402 | E60: =VLOOKUP($C60,청소코드!$C$4:$J$188,4,FALSE) -> 1 | F60: 유민정 | G60: 세탁방 충전 | I60: 완료 | J60: =SUM(K60:O60) -> 38500 | K60: =VLOOKUP($C60,청소코드!$C$4:$J$188,8,FALSE) -> 18000 | N60: 20500
A61: 46059 | B61: =TEXT(A61,"aaa") -> 금 | C61: L3 | D61: =VLOOKUP($C61,청소코드!$C$4:$J$188,3,FALSE) -> 하람휴 1102 | E61: =VLOOKUP($C61,청소코드!$C$4:$J$188,4,FALSE) -> 2 | F61: 이기섭 | I61: 완료 | J61: =SUM(K61:O61) -> 23000 | K61: =VLOOKUP($C61,청소코드!$C$4:$J$188,8,FALSE) -> 23000
A62: 46059 | B62: =TEXT(A62,"aaa") -> 금 | C62: L5 | D62: =VLOOKUP($C62,청소코드!$C$4:$J$188,3,FALSE) -> 하람휴 1001 | E62: =VLOOKUP($C62,청소코드!$C$4:$J$188,4,FALSE) -> 2 | F62: 이기섭 | I62: 완료 | J62: =SUM(K62:O62) -> 23000 | K62: =VLOOKUP($C62,청소코드!$C$4:$J$188,8,FALSE) -> 23000
A63: 46059 | B63: =TEXT(A63,"aaa") -> 금 | C63: C | D63: =VLOOKUP($C63,청소코드!$C$4:$J$188,3,FALSE) -> 청광1차 207 | E63: =VLOOKUP($C63,청소코드!$C$4:$J$188,4,FALSE) -> 0 | F63: 박연실 | I63: 완료 | J63: =SUM(K63:O63) -> 10000 | K63: =VLOOKUP($C63,청소코드!$C$4:$J$188,8,FALSE) -> 10000
A64: 46060 | B64: =TEXT(A64,"aaa") -> 토 | C64: V13 | D64: =VLOOKUP($C64,청소코드!$C$4:$J$188,3,FALSE) -> 대치동 103호 | E64: =VLOOKUP($C64,청소코드!$C$4:$J$188,4,FALSE) -> 1.5 | F64: 오재관 | I64: 완료 | J64: =SUM(K64:O64) -> 20000 | K64: =VLOOKUP($C64,청소코드!$C$4:$J$188,8,FALSE) -> 20000
A65: 46060 | B65: =TEXT(A65,"aaa") -> 토 | C65: T46 | D65: =VLOOKUP($C65,청소코드!$C$4:$J$188,3,FALSE) -> 센텀 2차 406 | E65: =VLOOKUP($C65,청소코드!$C$4:$J$188,4,FALSE) -> 1.5 | F65: 김정은 | I65: 완료 | J65: =SUM(K65:O65) -> 20000 | K65: =VLOOKUP($C65,청소코드!$C$4:$J$188,8,FALSE) -> 20000
A66: 46060 | B66: =TEXT(A66,"aaa") -> 토 | C66: T51 | D66: =VLOOKUP($C66,청소코드!$C$4:$J$188,3,FALSE) -> 센텀 2차 501 | E66: =VLOOKUP($C66,청소코드!$C$4:$J$188,4,FALSE) -> 1.5 | F66: 김정은 | I66: 완료 | J66: =SUM(K66:O66) -> 20000 | K66: =VLOOKUP($C66,청소코드!$C$4:$J$188,8,FALSE) -> 20000
A67: 46060 | B67: =TEXT(A67,"aaa") -> 토 | C67: T66 | D67: =VLOOKUP($C67,청소코드!$C$4:$J$188,3,FALSE) -> 센텀 2차 606 | E67: =VLOOKUP($C67,청소코드!$C$4:$J$188,4,FALSE) -> 1.5 | F67: 김정은 | I67: 완료 | J67: =SUM(K67:O67) -> 20000 | K67: =VLOOKUP($C67,청소코드!$C$4:$J$188,8,FALSE) -> 20000
A68: 46060 | B68: =TEXT(A68,"aaa") -> 토 | C68: U83 | D68: =VLOOKUP($C68,청소코드!$C$4:$J$188,3,FALSE) -> 성우 803 | E68: =VLOOKUP($C68,청소코드!$C$4:$J$188,4,FALSE) -> 3 | F68: 마디나 | G68: 세면대 고장, 창문 유리 금감 | I68: 완료 | J68: =SUM(K68:O68) -> 30000 | K68: =VLOOKUP($C68,청소코드!$C$4:$J$188,8,FALSE) -> 30000
A69: 46060 | B69: =TEXT(A69,"aaa") -> 토 | C69: A33 | D69: =VLOOKUP($C69,청소코드!$C$4:$J$188,3,FALSE) -> 예건 303 | E69: =VLOOKUP($C69,청소코드!$C$4:$J$188,4,FALSE) -> 2 | F69: 마디나 | I69: 완료 | J69: =SUM(K69:O69) -> 23000 | K69: =VLOOKUP($C69,청소코드!$C$4:$J$188,8,FALSE) -> 23000
A70: 46060 | B70: =TEXT(A70,"aaa") -> 토 | C70: A62 | D70: =VLOOKUP($C70,청소코드!$C$4:$J$188,3,FALSE) -> 예건 602 | E70: =VLOOKUP($C70,청소코드!$C$4:$J$188,4,FALSE) -> 1 | F70: 마디나 | I70: 완료 | J70: =SUM(K70:O70) -> 18000 | K70: =VLOOKUP($C70,청소코드!$C$4:$J$188,8,FALSE) -> 18000
A71: 46060 | B71: =TEXT(A71,"aaa") -> 토 | C71: B24 | D71: =VLOOKUP($C71,청소코드!$C$4:$J$188,3,FALSE) -> 더하임 204 | E71: =VLOOKUP($C71,청소코드!$C$4:$J$188,4,FALSE) -> 1 | F71: 박연실 | I71: 완료 | J71: =SUM(K71:O71) -> 18000 | K71: =VLOOKUP($C71,청소코드!$C$4:$J$188,8,FALSE) -> 18000
A72: 46060 | B72: =TEXT(A72,"aaa") -> 토 | C72: B54 | D72: =VLOOKUP($C72,청소코드!$C$4:$J$188,3,FALSE) -> 더하임 504 | E72: =VLOOKUP($C72,청소코드!$C$4:$J$188,4,FALSE) -> 1 | F72: 박연실 | G72: 변기 물이 잘 안내려감 | I72: 완료 | J72: =SUM(K72:O72) -> 18000 | K72: =VLOOKUP($C72,청소코드!$C$4:$J$188,8,FALSE) -> 18000
A73: 46060 | B73: =TEXT(A73,"aaa") -> 토 | C73: B64 | D73: =VLOOKUP($C73,청소코드!$C$4:$J$188,3,FALSE) -> 더하임 604 | E73: =VLOOKUP($C73,청소코드!$C$4:$J$188,4,FALSE) -> 1 | F73: 박연실 | I73: 완료 | J73: =SUM(K73:O73) -> 18000 | K73: =VLOOKUP($C73,청소코드!$C$4:$J$188,8,FALSE) -> 18000
A74: 46060 | B74: =TEXT(A74,"aaa") -> 토 | C74: F2 | D74: =VLOOKUP($C74,청소코드!$C$4:$J$188,3,FALSE) -> 오앤 401 | E74: =VLOOKUP($C74,청소코드!$C$4:$J$188,4,FALSE) -> 1 | F74: 박연실 | I74: 완료 | J74: =SUM(K74:O74) -> 18000 | K74: =VLOOKUP($C74,청소코드!$C$4:$J$188,8,FALSE) -> 18000
A75: 46060 | B75: =TEXT(A75,"aaa") -> 토 | C75: E1 | D75: =VLOOKUP($C75,청소코드!$C$4:$J$188,3,FALSE) -> 르센티 1801 | E75: =VLOOKUP($C75,청소코드!$C$4:$J$188,4,FALSE) -> 복 | F75: 류지영 | I75: 완료 | J75: =SUM(K75:O75) -> 20000 | K75: =VLOOKUP($C75,청소코드!$C$4:$J$188,8,FALSE) -> 20000
A76: 46060 | B76: =TEXT(A76,"aaa") -> 토 | C76: E5 | D76: =VLOOKUP($C76,청소코드!$C$4:$J$188,3,FALSE) -> 동구햇살 1203 | E76: =VLOOKUP($C76,청소코드!$C$4:$J$188,4,FALSE) -> 복 | F76: 류지영 | I76: 완료 | J76: =SUM(K76:O76) -> 20000 | K76: =VLOOKUP($C76,청소코드!$C$4:$J$188,8,FALSE) -> 20000
A77: 46060 | B77: =TEXT(A77,"aaa") -> 토 | C77: G2 | D77: =VLOOKUP($C77,청소코드!$C$4:$J$188,3,FALSE) -> si 502 | E77: =VLOOKUP($C77,청소코드!$C$4:$J$188,4,FALSE) -> 1 | F77: 류지영 | I77: 완료 | J77: =SUM(K77:O77) -> 20000 | K77: =VLOOKUP($C77,청소코드!$C$4:$J$188,8,FALSE) -> 20000
A78: 46060 | B78: =TEXT(A78,"aaa") -> 토 | C78: D8 | D78: =VLOOKUP($C78,청소코드!$C$4:$J$188,3,FALSE) -> 강동QV 1604 | E78: =VLOOKUP($C78,청소코드!$C$4:$J$188,4,FALSE) -> 1 | F78: 공숙길 | I78: 완료 | J78: =SUM(K78:O78) -> 18000 | K78: =VLOOKUP($C78,청소코드!$C$4:$J$188,8,FALSE) -> 18000
A79: 46060 | B79: =TEXT(A79,"aaa") -> 토 | C79: E4 | D79: =VLOOKUP($C79,청소코드!$C$4:$J$188,3,FALSE) -> 렘브 505 | E79: =VLOOKUP($C79,청소코드!$C$4:$J$188,4,FALSE) -> 1 | F79: 공숙길 | I79: 완료 | J79: =SUM(K79:O79) -> 18000 | K79: =VLOOKUP($C79,청소코드!$C$4:$J$188,8,FALSE) -> 18000
A80: 46060 | B80: =TEXT(A80,"aaa") -> 토 | C80: D1 | D80: =VLOOKUP($C80,청소코드!$C$4:$J$188,3,FALSE) -> 청광3차 1416 | E80: =VLOOKUP($C80,청소코드!$C$4:$J$188,4,FALSE) -> 1 | F80: 유민정 | I80: 완료 | J80: =SUM(K80:O80) -> 18000 | K80: =VLOOKUP($C80,청소코드!$C$4:$J$188,8,FALSE) -> 18000
A81: 46060 | B81: =TEXT(A81,"aaa") -> 토 | C81: D3 | D81: =VLOOKUP($C81,청소코드!$C$4:$J$188,3,FALSE) -> 청광3차 507 | E81: =VLOOKUP($C81,청소코드!$C$4:$J$188,4,FALSE) -> 1 | F81: 유민정 | I81: 완료 | J81: =SUM(K81:O81) -> 18000 | K81: =VLOOKUP($C81,청소코드!$C$4:$J$188,8,FALSE) -> 18000
A82: 46060 | B82: =TEXT(A82,"aaa") -> 토 | C82: D6 | D82: =VLOOKUP($C82,청소코드!$C$4:$J$188,3,FALSE) -> 청광3차 1412 | E82: =VLOOKUP($C82,청소코드!$C$4:$J$188,4,FALSE) -> 1 | F82: 유민정 | I82: 완료 | J82: =SUM(K82:O82) -> 18000 | K82: =VLOOKUP($C82,청소코드!$C$4:$J$188,8,FALSE) -> 18000
A83: 46060 | B83: =TEXT(A83,"aaa") -> 토 | C83: H21 | D83: =VLOOKUP($C83,청소코드!$C$4:$J$188,3,FALSE) -> 오금스타 201 | E83: =VLOOKUP($C83,청소코드!$C$4:$J$188,4,FALSE) -> 1 | F83: 유민정 | I83: 완료 | J83: =SUM(K83:O83) -> 18000 | K83: =VLOOKUP($C83,청소코드!$C$4:$J$188,8,FALSE) -> 18000
A84: 46060 | B84: =TEXT(A84,"aaa") -> 토 | C84: L5 | D84: =VLOOKUP($C84,청소코드!$C$4:$J$188,3,FALSE) -> 하람휴 1001 | E84: =VLOOKUP($C84,청소코드!$C$4:$J$188,4,FALSE) -> 2 | F84: 이기섭 | I84: 완료 | J84: =SUM(K84:O84) -> 23000 | K84: =VLOOKUP($C84,청소코드!$C$4:$J$188,8,FALSE) -> 23000
... A93: 46061 | B93: =TEXT(A93,"aaa") -> 일 | C93: B46 | D93: =VLOOKUP($C93,청소코드!$C$4:$J$188,3,FALSE) -> 더하임 406 | E93: =VLOOKUP($C93,청소코드!$C$4:$J$188,4,FALSE) -> 1.5 | F93: 김정한 | I93: 완료 | J93: =SUM(K93:O93) -> 20000 | K93: =VLOOKUP($C93,청소코드!$C$4:$J$188,8,FALSE) -> 20000
A94: 46061 | B94: =TEXT(A94,"aaa") -> 일 | C94: B64 | D94: =VLOOKUP($C94,청소코드!$C$4:$J$188,3,FALSE) -> 더하임 604 | E94: =VLOOKUP($C94,청소코드!$C$4:$J$188,4,FALSE) -> 1 | F94: 김정한 | G94: 테이블 볼트 헐거움 | I94: 완료 | J94: =SUM(K94:O94) -> 18000 | K94: =VLOOKUP($C94,청소코드!$C$4:$J$188,8,FALSE) -> 18000
A95: 46061 | B95: =TEXT(A95,"aaa") -> 일 | C95: D1 | D95: =VLOOKUP($C95,청소코드!$C$4:$J$188,3,FALSE) -> 청광3차 1416 | E95: =VLOOKUP($C95,청소코드!$C$4:$J$188,4,FALSE) -> 1 | F95: 류지영 | I95: 완료 | J95: =SUM(K95:O95) -> 18000 | K95: =VLOOKUP($C95,청소코드!$C$4:$J$188,8,FALSE) -> 18000
A96: 46061 | B96: =TEXT(A96,"aaa") -> 일 | C96: D3 | D96: =VLOOKUP($C96,청소코드!$C$4:$J$188,3,FALSE) -> 청광3차 507 | E96: =VLOOKUP($C96,청소코드!$C$4:$J$188,4,FALSE) -> 1 | F96: 류지영 | I96: 완료 | J96: =SUM(K96:O96) -> 18000 | K96: =VLOOKUP($C96,청소코드!$C$4:$J$188,8,FALSE) -> 18000
A97: 46061 | B97: =TEXT(A97,"aaa") -> 일 | C97: D6 | D97: =VLOOKUP($C97,청소코드!$C$4:$J$188,3,FALSE) -> 청광3차 1412 | E97: =VLOOKUP($C97,청소코드!$C$4:$J$188,4,FALSE) -> 1 | F97: 류지영 | G97: 카드키없음 | I97: 완료 | J97: =SUM(K97:O97) -> 18000 | K97: =VLOOKUP($C97,청소코드!$C$4:$J$188,8,FALSE) -> 18000
A98: 46061 | B98: =TEXT(A98,"aaa") -> 일 | C98: G2 | D98: =VLOOKUP($C98,청소코드!$C$4:$J$188,3,FALSE) -> si 502 | E98: =VLOOKUP($C98,청소코드!$C$4:$J$188,4,FALSE) -> 1 | F98: 류지영 | I98: 완료 | J98: =SUM(K98:O98) -> 20000 | K98: =VLOOKUP($C98,청소코드!$C$4:$J$188,8,FALSE) -> 20000
A99: 46061 | B99: =TEXT(A99,"aaa") -> 일 | C99: D8 | D99: =VLOOKUP($C99,청소코드!$C$4:$J$188,3,FALSE) -> 강동QV 1604 | E99: =VLOOKUP($C99,청소코드!$C$4:$J$188,4,FALSE) -> 1 | F99: 공숙길 | I99: 완료 | J99: =SUM(K99:O99) -> 18000 | K99: =VLOOKUP($C99,청소코드!$C$4:$J$188,8,FALSE) -> 18000
A100: 46061 | B100: =TEXT(A100,"aaa") -> 일 | C100: E4 | D100: =VLOOKUP($C100,청소코드!$C$4:$J$188,3,FALSE) -> 렘브 505 | E100: =VLOOKUP($C100,청소코드!$C$4:$J$188,4,FALSE) -> 1 | F100: 공숙길 | I100: 완료 | J100: =SUM(K100:O100) -> 18000 | K100: =VLOOKUP($C100,청소코드!$C$4:$J$188,8,FALSE) -> 18000
A101: 46061 | B101: =TEXT(A101,"aaa") -> 일 | C101: E5 | D101: =VLOOKUP($C101,청소코드!$C$4:$J$188,3,FALSE) -> 동구햇살 1203 | E101: =VLOOKUP($C101,청소코드!$C$4:$J$188,4,FALSE) -> 복 | F101: 박연실 | G101: 드라이기, 고데기안보임 | I101: 완료 | J101: =SUM(K101:O101) -> 20000 | K101: =VLOOKUP($C101,청소코드!$C$4:$J$188,8,FALSE) -> 20000
A102: 46061 | B102: =TEXT(A102,"aaa") -> 일 | C102: F2 | D102: =VLOOKUP($C102,청소코드!$C$4:$J$188,3,FALSE) -> 오앤 401 | E102: =VLOOKUP($C102,청소코드!$C$4:$J$188,4,FALSE) -> 1 | F102: 박연실 | I102: 완료 | J102: =SUM(K102:O102) -> 21000 | K102: =VLOOKUP($C102,청소코드!$C$4:$J$188,8,FALSE) -> 18000 | L102: 3000
A103: 46061 | B103: =TEXT(A103,"aaa") -> 일 | C103: L2 | D103: =VLOOKUP($C103,청소코드!$C$4:$J$188,3,FALSE) -> 하람휴 902 | E103: =VLOOKUP($C103,청소코드!$C$4:$J$188,4,FALSE) -> 2 | F103: 이기섭 | I103: 완료 | J103: =SUM(K103:O103) -> 23000 | K103: =VLOOKUP($C103,청소코드!$C$4:$J$188,8,FALSE) -> 23000
A104: 46061 | B104: =TEXT(A104,"aaa") -> 일 | C104: L5 | D104: =VLOOKUP($C104,청소코드!$C$4:$J$188,3,FALSE) -> 하람휴 1001 | E104: =VLOOKUP($C104,청소코드!$C$4:$J$188,4,FALSE) -> 2 | F104: 이기섭 | I104: 완료 | J104: =SUM(K104:O104) -> 23000 | K104: =VLOOKUP($C104,청소코드!$C$4:$J$188,8,FALSE) -> 23000
A105: 46061 | B105: =TEXT(A105,"aaa") -> 일 | C105: C | D105: =VLOOKUP($C105,청소코드!$C$4:$J$188,3,FALSE) -> 청광1차 207 | E105: =VLOOKUP($C105,청소코드!$C$4:$J$188,4,FALSE) -> 0 | F105: 박연실 | I105: 완료 | J105: =SUM(K105:O105) -> 10000 | K105: =VLOOKUP($C105,청소코드!$C$4:$J$188,8,FALSE) -> 10000
A106: 46062 | B106: =TEXT(A106,"aaa") -> 월 | C106: T46 | D106: =VLOOKUP($C106,청소코드!$C$4:$J$188,3,FALSE) -> 센텀 2차 406 | E106: =VLOOKUP($C106,청소코드!$C$4:$J$188,4,FALSE) -> 1.5 | F106: 김정은 | I106: 완료 | J106: =SUM(K106:O106) -> 20000 | K106: =VLOOKUP($C106,청소코드!$C$4:$J$188,8,FALSE) -> 20000
A107: 46062 | B107: =TEXT(A107,"aaa") -> 월 | C107: T51 | D107: =VLOOKUP($C107,청소코드!$C$4:$J$188,3,FALSE) -> 센텀 2차 501 | E107: =VLOOKUP($C107,청소코드!$C$4:$J$188,4,FALSE) -> 1.5 | F107: 김정은 | I107: 완료 | J107: =SUM(K107:O107) -> 20000 | K107: =VLOOKUP($C107,청소코드!$C$4:$J$188,8,FALSE) -> 20000
A108: 46062 | B108: =TEXT(A108,"aaa") -> 월 | C108: T66 | D108: =VLOOKUP($C108,청소코드!$C$4:$J$188,3,FALSE) -> 센텀 2차 606 | E108: =VLOOKUP($C108,청소코드!$C$4:$J$188,4,FALSE) -> 1.5 | F108: 김정은 | I108: 완료 | J108: =SUM(K108:O108) -> 20000 | K108: =VLOOKUP($C108,청소코드!$C$4:$J$188,8,FALSE) -> 20000
A109: 46062 | B109: =TEXT(A109,"aaa") -> 월 | C109: A33 | D109: =VLOOKUP($C109,청소코드!$C$4:$J$188,3,FALSE) -> 예건 303 | E109: =VLOOKUP($C109,청소코드!$C$4:$J$188,4,FALSE) -> 2 | F109: 마디나 | I109: 완료 | J109: =SUM(K109:O109) -> 23000 | K109: =VLOOKUP($C109,청소코드!$C$4:$J$188,8,FALSE) -> 23000
A110: 46062 | B110: =TEXT(A110,"aaa") -> 월 | C110: A92 | D110: =VLOOKUP($C110,청소코드!$C$4:$J$188,3,FALSE) -> 예건 902 | E110: =VLOOKUP($C110,청소코드!$C$4:$J$188,4,FALSE) -> 1 | F110: 마디나 | I110: 완료 | J110: =SUM(K110:O110) -> 18000 | K110: =VLOOKUP($C110,청소코드!$C$4:$J$188,8,FALSE) -> 18000
A111: 46062 | B111: =TEXT(A111,"aaa") -> 월 | C111: B36 | D111: =VLOOKUP($C111,청소코드!$C$4:$J$188,3,FALSE) -> 더하임 306 | E111: =VLOOKUP($C111,청소코드!$C$4:$J$188,4,FALSE) -> 1.5 | F111: 김정한 | I111: 완료 | J111: =SUM(K111:O111) -> 20000 | K111: =VLOOKUP($C111,청소코드!$C$4:$J$188,8,FALSE) -> 20000
A112: 46062 | B112: =TEXT(A112,"aaa") -> 월 | C112: B46 | D112: =VLOOKUP($C112,청소코드!$C$4:$J$188,3,FALSE) -> 더하임 406 | E112: =VLOOKUP($C112,청소코드!$C$4:$J$188,4,FALSE) -> 1.5 | F112: 김정한 | I112: 완료 | J112: =SUM(K112:O112) -> 20000 | K112: =VLOOKUP($C112,청소코드!$C$4:$J$188,8,FALSE) -> 20000
A113: 46062 | B113: =TEXT(A113,"aaa") -> 월 | C113: B54 | D113: =VLOOKUP($C113,청소코드!$C$4:$J$188,3,FALSE) -> 더하임 504 | E113: =VLOOKUP($C113,청소코드!$C$4:$J$188,4,FALSE) -> 1 | F113: 박연실 | I113: 완료 | J113: =SUM(K113:O113) -> 18000 | K113: =VLOOKUP($C113,청소코드!$C$4:$J$188,8,FALSE) -> 18000
A114: 46062 | B114: =TEXT(A114,"aaa") -> 월 | C114: B64 | D114: =VLOOKUP($C114,청소코드!$C$4:$J$188,3,FALSE) -> 더하임 604 | E114: =VLOOKUP($C114,청소코드!$C$4:$J$188,4,FALSE) -> 1 | F114: 박연실 | G114: 테이블 볼트 빠짐 | I114: 완료 | J114: =SUM(K114:O114) -> 18000 | K114: =VLOOKUP($C114,청소코드!$C$4:$J$188,8,FALSE) -> 18000
A115: 46062 | B115: =TEXT(A115,"aaa") -> 월 | C115: D3 | D115: =VLOOKUP($C115,청소코드!$C$4:$J$188,3,FALSE) -> 청광3차 507 | E115: =VLOOKUP($C115,청소코드!$C$4:$J$188,4,FALSE) -> 1 | F115: 유민정 | I115: 완료 | J115: =SUM(K115:O115) -> 18000 | K115: =VLOOKUP($C115,청소코드!$C$4:$J$188,8,FALSE) -> 18000
A116: 46062 | B116: =TEXT(A116,"aaa") -> 월 | C116: D6 | D116: =VLOOKUP($C116,청소코드!$C$4:$J$188,3,FALSE) -> 청광3차 1412 | E116: =VLOOKUP($C116,청소코드!$C$4:$J$188,4,FALSE) -> 1 | F116: 유민정 | I116: 완료 | J116: =SUM(K116:O116) -> 18000 | K116: =VLOOKUP($C116,청소코드!$C$4:$J$188,8,FALSE) -> 18000
A117: 46062 | B117: =TEXT(A117,"aaa") -> 월 | C117: H42 | D117: =VLOOKUP($C117,청소코드!$C$4:$J$188,3,FALSE) -> 오금스타 402 | E117: =VLOOKUP($C117,청소코드!$C$4:$J$188,4,FALSE) -> 1 | F117: 유민정 | G117: (이불전달) | I117: 완료 | J117: =SUM(K117:O117) -> 18000 | K117: =VLOOKUP($C117,청소코드!$C$4:$J$188,8,FALSE) -> 18000
A118: 46062 | B118: =TEXT(A118,"aaa") -> 월 | C118: D8 | D118: =VLOOKUP($C118,청소코드!$C$4:$J$188,3,FALSE) -> 강동QV 1604 | E118: =VLOOKUP($C118,청소코드!$C$4:$J$188,4,FALSE) -> 1 | F118: 공숙길 | G118: 화장품 분실물 | I118: 완료 | J118: =SUM(K118:O118) -> 18000 | K118: =VLOOKUP($C118,청소코드!$C$4:$J$188,8,FALSE) -> 18000
A119: 46062 | B119: =TEXT(A119,"aaa") -> 월 | C119: D1 | D119: =VLOOKUP($C119,청소코드!$C$4:$J$188,3,FALSE) -> 청광3차 1416 | E119: =VLOOKUP($C119,청소코드!$C$4:$J$188,4,FALSE) -> 1 | F119: 류지영 | I119: 완료 | J119: =SUM(K119:O119) -> 18000 | K119: =VLOOKUP($C119,청소코드!$C$4:$J$188,8,FALSE) -> 18000
A120: 46062 | B120: =TEXT(A120,"aaa") -> 월 | C120: F2 | D120: =VLOOKUP($C120,청소코드!$C$4:$J$188,3,FALSE) -> 오앤 401 | E120: =VLOOKUP($C120,청소코드!$C$4:$J$188,4,FALSE) -> 1 | F120: 류지영 | I120: 완료 | J120: =SUM(K120:O120) -> 18000 | K120: =VLOOKUP($C120,청소코드!$C$4:$J$188,8,FALSE) -> 18000
A121: 46062 | B121: =TEXT(A121,"aaa") -> 월 | C121: G2 | D121: =VLOOKUP($C121,청소코드!$C$4:$J$188,3,FALSE) -> si 502 | E121: =VLOOKUP($C121,청소코드!$C$4:$J$188,4,FALSE) -> 1 | F121: 류지영 | I121: 완료 | J121: =SUM(K121:O121) -> 20000 | K121: =VLOOKUP($C121,청소코드!$C$4:$J$188,8,FALSE) -> 20000
A122: 46062 | B122: =TEXT(A122,"aaa") -> 월 | C122: K4 | D122: =VLOOKUP($C122,청소코드!$C$4:$J$188,3,FALSE) -> 세종에코 304 | E122: =VLOOKUP($C122,청소코드!$C$4:$J$188,4,FALSE) -> 2 | F122: 장미숙 | I122: 완료 | J122: =SUM(K122:O122) -> 23000 | K122: =VLOOKUP($C122,청소코드!$C$4:$J$188,8,FALSE) -> 23000
A123: 46062 | B123: =TEXT(A123,"aaa") -> 월 | C123: L3 | D123: =VLOOKUP($C123,청소코드!$C$4:$J$188,3,FALSE) -> 하람휴 1102 | E123: =VLOOKUP($C123,청소코드!$C$4:$J$188,4,FALSE) -> 2 | F123: 이기섭 | I123: 완료 | J123: =SUM(K123:O123) -> 23000 | K123: =VLOOKUP($C123,청소코드!$C$4:$J$188,8,FALSE) -> 23000
A124: 46062 | B124: =TEXT(A124,"aaa") -> 월 | C124: L5 | D124: =VLOOKUP($C124,청소코드!$C$4:$J$188,3,FALSE) -> 하람휴 1001 | E124: =VLOOKUP($C124,청소코드!$C$4:$J$188,4,FALSE) -> 2 | F124: 이기섭 | I124: 완료 | J124: =SUM(K124:O124) -> 23000 | K124: =VLOOKUP($C124,청소코드!$C$4:$J$188,8,FALSE) -> 23000
...

Sheet 에어컨청소
B2: 1 | C2: 3
B3: 코드 | C3: 명칭 | D3: 청소일자 | E3: 개수 | F3: 워크맨 | G3: 리모콘 | H3: 급여 | I3: 성우비번
B4: A22 | C4: 예건 202 | D4: 46128 | E4: 1 | F4: 김정한 | G4: O | H4: =5000*E4 -> 5000
B5: A24 | C5: 예건 204 | D5: 46157 | E5: 1 | F5: 박연실 | G5: O | H5: =5000*E5 -> 5000
B6: A25 | C6: 예건 205 | D6: 46128 | E6: 1 | F6: 김정한 | G6: O | H6: =5000*E6 -> 5000
B7: A33 | C7: 예건 303 | D7: 46124 | E7: 1 | F7: 마디나 | G7: O | H7: =5000*E7 -> 5000
B8: A44 | C8: 예건 404 | H8: =5000*E8 -> 0
B9: A62 | C9: 예건 602 | D9: 46121 | E9: 1 | F9: 김정은 | G9: O | H9: =5000*E9 -> 5000
B10: A72 | C10: 예건 702 | H10: =5000*E10 -> 0
B11: A82 | C11: 예건 802 | H11: =5000*E11 -> 0
B12: A92 | C12: 예건 902 | D12: 46126 | E12: 1 | F12: 김정한 | G12: O | H12: =5000*E12 -> 5000
B13: B101 | C13: 더하임 1001 | H13: =5000*E13 -> 0
B14: B102 | C14: 더하임 1002 | D14: 46131 | E14: 1 | F14: 김정한 | G14: O | H14: =5000*E14 -> 5000
B15: B103 | C15: 더하임 1003 | D15: 46131 | E15: 1 | F15: 김정한 | G15: O | H15: =5000*E15 -> 5000
B16: B104 | C16: 더하임 1004 | D16: 46131 | E16: 1 | F16: 김정한 | G16: O | H16: =5000*E16 -> 5000
B17: B105 | C17: 더하임 1005 | D17: 46121 | E17: 1 | F17: 박연실 | G17: X | H17: =5000*E17 -> 5000
B18: B106 | C18: 더하임 1006 | D18: 46119 | E18: 1 | F18: 박연실 | G18: O | H18: =5000*E18 -> 5000
B19: B22 | C19: 더하임 202 | D19: 46121 | E19: 1 | F19: 박연실 | G19: O | H19: =5000*E19 -> 5000
B20: B23 | C20: 더하임 203 | D20: 46130 | E20: 1 | F20: 박연실 | G20: X | H20: =5000*E20 -> 5000
B21: B24 | C21: 더하임 204 | D21: 46131 | E21: 1 | F21: 김정한 | G21: O | H21: =5000*E21 -> 5000
B22: B25 | C22: 더하임 205 | D22: 46122 | E22: 1 | F22: 마디나 | G22: O | H22: =5000*E22 -> 5000
B23: B34 | C23: 더하임 304 | D23: 46131 | E23: 1 | F23: 박연실 | G23: O | H23: =5000*E23 -> 5000
B24: B35 | C24: 더하임 305 | D24: 46132 | E24: 1 | F24: 박연실 | G24: o(건전지없음) | H24: =5000*E24 -> 5000
B25: B56 | C25: 더하임 506 | D25: 46119 | E25: 1 | F25: 박연실 | G25: O | H25: =5000*E25 -> 5000
B26: B64 | C26: 더하임 604 | H26: =5000*E26 -> 0
B27: B91 | C27: 더하임 901 | D27: 46120 | E27: 1 | F27: 박연실 | G27: O | H27: =5000*E27 -> 5000
B28: B93 | C28: 더하임 903 | H28: =5000*E28 -> 0
B29: B94 | C29: 더하임 904 | H29: =5000*E29 -> 0
B30: B95 | C30: 더하임 905 | H30: =5000*E30 -> 0
B31: C | C31: 청광1차 207 | H31: =5000*E31 -> 0
B32: C5 | C32: 청광1차 910 | H32: =5000*E32 -> 0
B33: C6 | C33: 청광1차 1303 | D33: 46131 | E33: 1 | F33: 유민정 | G33: O | H33: =5000*E33 -> 5000
B34: C7 | C34: 길동다성 506 | D34: 46139 | E34: 1 | F34: 마디나 | G34: X | H34: =5000*E34 -> 5000
B35: D1 | C35: 청광3차 1416 | D35: 46131 | E35: 1 | F35: 유민정 | G35: O | H35: =5000*E35 -> 5000
B36: D3 | C36: 청광3차 507 | H36: =5000*E36 -> 0
B37: D4 | C37: 청광3차 806 | D37: 46119 | E37: 1 | F37: 유민정 | G37: O | H37: =5000*E37 -> 5000
B38: D6 | C38: 청광3차 1412 | D38: 46119 | E38: 1 | F38: 유민정 | G38: O | H38: =5000*E38 -> 5000
B39: D8 | C39: 강동QV 1604 | D39: 46119 | E39: 1 | F39: 김정은 | G39: O | H39: =5000*E39 -> 5000
B40: E1 | C40: 르센티 1801 | H40: =5000*E40 -> 0
B41: E3 | C41: 렘브 204 | D41: 46120 | E41: 1 | F41: 박연실 | G41: O | H41: =5000*E41 -> 5000
B42: E4 | C42: 렘브 505 | D42: 46123 | E42: 1 | F42: 공숙길 | G42: O | H42: =5000*E42 -> 5000
B43: E5 | C43: 동구햇살 1203 | H43: =5000*E43 -> 0
B44: F1 | C44: 한양립스 503 | D44: 46118 | E44: 1 | F44: 박연실 | G44: O | H44: =5000*E44 -> 5000
B45: F2 | C45: 오앤 401 | D45: 46128 | E45: 1 | F45: 박연실 | G45: O | H45: =5000*E45 -> 5000
B46: F3 | C46: 태상 501 | D46: 46144 | E46: 1 | F46: 박연실 | G46: O | H46: =5000*E46 -> 5000
B47: G2 | C47: si 502 | H47: =5000*E47 -> 0
B48: G3 | C48: si 602 | H48: =5000*E48 -> 0
B49: H12 | C49: 오금스타 102 | H49: =5000*E49 -> 0
B50: H13 | C50: 오금스타 103 | H50: =5000*E50 -> 0
B51: H21 | C51: 오금스타 201 | D51: 46133 | E51: 1 | F51: 김정한 | G51: x | H51: =5000*E51 -> 5000
B52: H23 | C52: 오금스타 203 | D52: 46128 | E52: 1 | F52: 유민정 | G52: O | H52: =5000*E52 -> 5000
B53: H25 | C53: 오금스타 205 | D53: 46122 | E53: 1 | F53: 유민정 | G53: O | H53: =5000*E53 -> 5000
B54: H33 | C54: 오금스타 303 | H54: =5000*E54 -> 0
B55: H41 | C55: 오금스타 401 | H55: =5000*E55 -> 0
B56: H42 | C56: 오금스타 402 | D56: 46123 | E56: 1 | F56: 마디나 | G56: O | H56: =5000*E56 -> 5000
B57: H52 | C57: 오금스타 502 | H57: =5000*E57 -> 0
B58: I1 | C58: 미사 마이움 102-803 | H58: =5000*E58 -> 0
B59: I2 | C59: 미사 힐스 804 | H59: =5000*E59 -> 0
B60: I3 | C60: 미사 롯데 960 | H60: =5000*E60 -> 0
B61: J1 | C61: 천호다성 603 | H61: =5000*E61 -> 0
B62: J2 | C62: 은성 603 | D62: 46128 | E62: 1 | F62: 유민정 | G62: O | H62: =5000*E62 -> 5000
B63: K1 | C63: 선일 101 | D63: 46137 | E63: 1 | F63: 박연실 | G63: O | H63: =5000*E63 -> 5000
B64: K3 | C64: 뉴시티 1413 | H64: =5000*E64 -> 0
B65: K5 | C65: 방학 709 | H65: =5000*E65 -> 0
B66: L1 | C66: 가산 지웰 328 | H66: =5000*E66 -> 0
B67: L2 | C67: 하람휴 902 | H67: =5000*E67 -> 0
B68: L3 | C68: 하람휴 1102 | D68: 46119 | E68: 1 | F68: 이기섭 | G68: O | H68: =5000*E68 -> 5000
B69: L4 | C69: 하람휴 901 | D69: 46128 | E69: 1 | F69: 이기섭 | G69: O | H69: =5000*E69 -> 5000
B70: L5 | C70: 하람휴 1001 | D70: 46120 | E70: 1 | F70: 이기섭 | G70: O | H70: =5000*E70 -> 5000
B71: L6 | C71: 가온빌 102 | H71: =5000*E71 -> 0
B72: M1 | C72: 카이저 101-1204 | H72: =5000*E72 -> 0
B73: M2 | C73: 카이저 203-308 | H73: =5000*E73 -> 0
B74: N1 | C74: 울산 블루 307 | H74: =5000*E74 -> 0
B75: N2 | C75: 울산 블루 315 | H75: =5000*E75 -> 0
B76: N3 | C76: 울산 수아 1007 | H76: =5000*E76 -> 0
B77: N4 | C77: 울산 자이 101-2407 | H77: =5000*E77 -> 0
B78: T31 | C78: 센텀 2차 301 | H78: =5000*E78 -> 0
B79: T32 | C79: 센텀 2차 302 | H79: =5000*E79 -> 0
B80: T46 | C80: 센텀 2차 406 | D80: 46119 | E80: 2 | F80: 마디나 | G80: O | H80: =5000*E80 -> 10000
B81: T51 | C81: 센텀 2차 501 | D81: 46121 | E81: 2 | F81: 공숙길 | G81: O | H81: =5000*E81 -> 10000
B82: T66 | C82: 센텀 2차 606 | D82: 46119 | E82: 2 | F82: 마디나 | G82: O | H82: =5000*E82 -> 10000
B83: T71 | C83: 센텀 2차 701 | H83: =5000*E83 -> 0
B84: U21 | C84: 성우 201 | H84: =5000*E84 -> 0
B85: U24 | C85: 성우 204 | D85: 46131 | E85: 1 | F85: 마디나 | G85: O | H85: =5000*E85 -> 5000 | I85: 완료
B86: U34 | C86: 성우 304 | D86: 46122 | E86: 1 | F86: 김정은 | G86: O | H86: =5000*E86 -> 5000 | I86: 완료
B87: U42 | C87: 성우 402 | H87: =5000*E87 -> 0
B88: U51 | C88: 성우 501 | D88: 46120 | E88: 1 | F88: 공숙길 | G88: O | H88: =5000*E88 -> 5000 | I88: 완료
B89: U83 | C89: 성우 803 | H89: =5000*E89 -> 0 | I89: 완료
B90: U93 | C90: 성우 903 | H90: =5000*E90 -> 0
B91: V11 | C91: 대치동 101호 | D91: 46138 | E91: 1 | F91: 김남주 | G91: O | H91: =5000*E91 -> 5000
B92: V12 | C92: 대치동 102호 | D92: 46123 | E92: 1 | F92: 김남주 | G92: O | H92: =5000*E92 -> 5000
B93: V13 | C93: 대치동 103호 | H93: =5000*E93 -> 0

Sheet 이번주
A1: 청소일자 | B1: 요일 | C1: 코드 | D1: 숙소명 | E1: 방 | F1: 워크맨 | G1: 체크사항/요구사항 | H1: 입금체크 | I1: 입력체크 | J1: 운영 지출
A2: 청소일자 | B2: 요일 | C2: 코드 | D2: 숙소명 | E2: 수 | F2: 담당 | G2: 체크사항/요구사항 | H2: 입금체크 | I2: 입력체크 | J2: 총 금액(B) | K2: 기본비 | L2: 추가비 | M2: 침구 관리 | N2: 세탁비 | O2: 백업
A3: 46147 | B3: =TEXT(A3,"aaa") -> 화 | C3: A25 | D3: =VLOOKUP($C3,청소코드!$C$4:$J$188,3,FALSE) -> 예건 205 | E3: =VLOOKUP($C3,청소코드!$C$4:$J$188,4,FALSE) -> 1 | F3: 김정은 | I3: 완료 | J3: =SUM(K3:O3) -> 18000 | K3: =VLOOKUP($C3,청소코드!$C$4:$J$188,8,FALSE) -> 18000
A4: 46147 | B4: =TEXT(A4,"aaa") -> 화 | C4: A82 | D4: =VLOOKUP($C4,청소코드!$C$4:$J$188,3,FALSE) -> 예건 802 | E4: =VLOOKUP($C4,청소코드!$C$4:$J$188,4,FALSE) -> 1 | F4: 김정은 | I4: 완료 | J4: =SUM(K4:O4) -> 18000 | K4: =VLOOKUP($C4,청소코드!$C$4:$J$188,8,FALSE) -> 18000
A5: 46147 | B5: =TEXT(A5,"aaa") -> 화 | C5: U24 | D5: =VLOOKUP($C5,청소코드!$C$4:$J$188,3,FALSE) -> 성우 204 | E5: =VLOOKUP($C5,청소코드!$C$4:$J$188,4,FALSE) -> 2 | F5: 김정은 | I5: 완료 | J5: =SUM(K5:O5) -> 23000 | K5: =VLOOKUP($C5,청소코드!$C$4:$J$188,8,FALSE) -> 23000
A6: 46147 | B6: =TEXT(A6,"aaa") -> 화 | C6: U93 | D6: =VLOOKUP($C6,청소코드!$C$4:$J$188,3,FALSE) -> 성우 903 | E6: =VLOOKUP($C6,청소코드!$C$4:$J$188,4,FALSE) -> 3 | F6: 김정은 | I6: 완료 | J6: =SUM(K6:O6) -> 30000 | K6: =VLOOKUP($C6,청소코드!$C$4:$J$188,8,FALSE) -> 30000
A7: 46147 | B7: =TEXT(A7,"aaa") -> 화 | C7: B103 | D7: =VLOOKUP($C7,청소코드!$C$4:$J$188,3,FALSE) -> 더하임 1003 | E7: =VLOOKUP($C7,청소코드!$C$4:$J$188,4,FALSE) -> 1 | F7: 주경태 | I7: 완료 | J7: =SUM(K7:O7) -> 18000 | K7: =VLOOKUP($C7,청소코드!$C$4:$J$188,8,FALSE) -> 18000
A8: 46147 | B8: =TEXT(A8,"aaa") -> 화 | C8: B104 | D8: =VLOOKUP($C8,청소코드!$C$4:$J$188,3,FALSE) -> 더하임 1004 | E8: =VLOOKUP($C8,청소코드!$C$4:$J$188,4,FALSE) -> 1 | F8: 주경태 | I8: 완료 | J8: =SUM(K8:O8) -> 18000 | K8: =VLOOKUP($C8,청소코드!$C$4:$J$188,8,FALSE) -> 18000
A9: 46147 | B9: =TEXT(A9,"aaa") -> 화 | C9: B23 | D9: =VLOOKUP($C9,청소코드!$C$4:$J$188,3,FALSE) -> 더하임 203 | E9: =VLOOKUP($C9,청소코드!$C$4:$J$188,4,FALSE) -> 1 | F9: 주경태 | I9: 완료 | J9: =SUM(K9:O9) -> 18000 | K9: =VLOOKUP($C9,청소코드!$C$4:$J$188,8,FALSE) -> 18000
A10: 46147 | B10: =TEXT(A10,"aaa") -> 화 | C10: B24 | D10: =VLOOKUP($C10,청소코드!$C$4:$J$188,3,FALSE) -> 더하임 204 | E10: =VLOOKUP($C10,청소코드!$C$4:$J$188,4,FALSE) -> 1 | F10: 박연실 | I10: 완료 | J10: =SUM(K10:O10) -> 18000 | K10: =VLOOKUP($C10,청소코드!$C$4:$J$188,8,FALSE) -> 18000
A11: 46147 | B11: =TEXT(A11,"aaa") -> 화 | C11: B91 | D11: =VLOOKUP($C11,청소코드!$C$4:$J$188,3,FALSE) -> 더하임 901 | E11: =VLOOKUP($C11,청소코드!$C$4:$J$188,4,FALSE) -> 1 | F11: 박연실 | I11: 완료 | J11: =SUM(K11:O11) -> 18000 | K11: =VLOOKUP($C11,청소코드!$C$4:$J$188,8,FALSE) -> 18000
A12: 46147 | B12: =TEXT(A12,"aaa") -> 화 | C12: B94 | D12: =VLOOKUP($C12,청소코드!$C$4:$J$188,3,FALSE) -> 더하임 904 | E12: =VLOOKUP($C12,청소코드!$C$4:$J$188,4,FALSE) -> 1 | F12: 박연실 | I12: 완료 | J12: =SUM(K12:O12) -> 18000 | K12: =VLOOKUP($C12,청소코드!$C$4:$J$188,8,FALSE) -> 18000
A13: 46147 | B13: =TEXT(A13,"aaa") -> 화 | C13: B95 | D13: =VLOOKUP($C13,청소코드!$C$4:$J$188,3,FALSE) -> 더하임 905 | E13: =VLOOKUP($C13,청소코드!$C$4:$J$188,4,FALSE) -> 1 | F13: 박연실 | I13: 완료 | J13: =SUM(K13:O13) -> 18000 | K13: =VLOOKUP($C13,청소코드!$C$4:$J$188,8,FALSE) -> 18000
A14: 46147 | B14: =TEXT(A14,"aaa") -> 화 | C14: S1 | D14: =VLOOKUP($C14,청소코드!$C$4:$J$188,3,FALSE) -> 미사아름채 1310호 | E14: =VLOOKUP($C14,청소코드!$C$4:$J$188,4,FALSE) -> 1.5 | F14: 박연실 | I14: 완료 | J14: =SUM(K14:O14) -> 20000 | K14: =VLOOKUP($C14,청소코드!$C$4:$J$188,8,FALSE) -> 20000
... A26: 46148 | B26: =TEXT(A26,"aaa") -> 수 | C26: T46 | D26: =VLOOKUP($C26,청소코드!$C$4:$J$188,3,FALSE) -> 센텀 2차 406 | E26: =VLOOKUP($C26,청소코드!$C$4:$J$188,4,FALSE) -> 1.5 | F26: 박연실 | I26: 완료 | J26: =SUM(K26:O26) -> 20000 | K26: =VLOOKUP($C26,청소코드!$C$4:$J$188,8,FALSE) -> 20000
A27: 46148 | B27: =TEXT(A27,"aaa") -> 수 | C27: K1 | D27: =VLOOKUP($C27,청소코드!$C$4:$J$188,3,FALSE) -> 선일 101 | E27: =VLOOKUP($C27,청소코드!$C$4:$J$188,4,FALSE) -> 2 | F27: 박연실 | G27: 긴급 | I27: 완료 | J27: =SUM(K27:O27) -> 40000 | K27: =VLOOKUP($C27,청소코드!$C$4:$J$188,8,FALSE) -> 23000 | L27: 17000
A28: 46148 | B28: =TEXT(A28,"aaa") -> 수 | C28: D1 | D28: =VLOOKUP($C28,청소코드!$C$4:$J$188,3,FALSE) -> 청광3차 1416 | E28: =VLOOKUP($C28,청소코드!$C$4:$J$188,4,FALSE) -> 1 | F28: 김정은 | I28: 완료 | J28: =SUM(K28:O28) -> 18000 | K28: =VLOOKUP($C28,청소코드!$C$4:$J$188,8,FALSE) -> 18000
A29: 46148 | B29: =TEXT(A29,"aaa") -> 수 | C29: E3 | D29: =VLOOKUP($C29,청소코드!$C$4:$J$188,3,FALSE) -> 렘브 204 | E29: =VLOOKUP($C29,청소코드!$C$4:$J$188,4,FALSE) -> 1 | F29: 김정은 | I29: 완료 | J29: =SUM(K29:O29) -> 18000 | K29: =VLOOKUP($C29,청소코드!$C$4:$J$188,8,FALSE) -> 18000
A30: 46148 | B30: =TEXT(A30,"aaa") -> 수 | C30: A25 | D30: =VLOOKUP($C30,청소코드!$C$4:$J$188,3,FALSE) -> 예건 205 | E30: =VLOOKUP($C30,청소코드!$C$4:$J$188,4,FALSE) -> 1 | F30: 주경태 | I30: 완료 | J30: =SUM(K30:O30) -> 18000 | K30: =VLOOKUP($C30,청소코드!$C$4:$J$188,8,FALSE) -> 18000
A31: 46148 | B31: =TEXT(A31,"aaa") -> 수 | C31: J2 | D31: =VLOOKUP($C31,청소코드!$C$4:$J$188,3,FALSE) -> 은성 603 | E31: =VLOOKUP($C31,청소코드!$C$4:$J$188,4,FALSE) -> 1 | F31: 주경태 | I31: 완료 | J31: =SUM(K31:O31) -> 18000 | K31: =VLOOKUP($C31,청소코드!$C$4:$J$188,8,FALSE) -> 18000
A32: 46148 | B32: =TEXT(A32,"aaa") -> 수 | C32: B104 | D32: =VLOOKUP($C32,청소코드!$C$4:$J$188,3,FALSE) -> 더하임 1004 | E32: =VLOOKUP($C32,청소코드!$C$4:$J$188,4,FALSE) -> 1 | F32: 손혜영 | I32: 완료 | J32: =SUM(K32:O32) -> 18000 | K32: =VLOOKUP($C32,청소코드!$C$4:$J$188,8,FALSE) -> 18000
A33: 46148 | B33: =TEXT(A33,"aaa") -> 수 | C33: B105 | D33: =VLOOKUP($C33,청소코드!$C$4:$J$188,3,FALSE) -> 더하임 1005 | E33: =VLOOKUP($C33,청소코드!$C$4:$J$188,4,FALSE) -> 1 | F33: 손혜영 | I33: 완료 | J33: =SUM(K33:O33) -> 18000 | K33: =VLOOKUP($C33,청소코드!$C$4:$J$188,8,FALSE) -> 18000
A34: 46148 | B34: =TEXT(A34,"aaa") -> 수 | C34: S1 | D34: =VLOOKUP($C34,청소코드!$C$4:$J$188,3,FALSE) -> 미사아름채 1310호 | E34: =VLOOKUP($C34,청소코드!$C$4:$J$188,4,FALSE) -> 1.5 | F34: 손혜영 | I34: 완료 | J34: =SUM(K34:O34) -> 20000 | K34: =VLOOKUP($C34,청소코드!$C$4:$J$188,8,FALSE) -> 20000
A35: 46148 | B35: =TEXT(A35,"aaa") -> 수 | C35: B24 | D35: =VLOOKUP($C35,청소코드!$C$4:$J$188,3,FALSE) -> 더하임 204 | E35: =VLOOKUP($C35,청소코드!$C$4:$J$188,4,FALSE) -> 1 | F35: 공숙길 | I35: 완료 | J35: =SUM(K35:O35) -> 18000 | K35: =VLOOKUP($C35,청소코드!$C$4:$J$188,8,FALSE) -> 18000
A36: 46148 | B36: =TEXT(A36,"aaa") -> 수 | C36: B91 | D36: =VLOOKUP($C36,청소코드!$C$4:$J$188,3,FALSE) -> 더하임 901 | E36: =VLOOKUP($C36,청소코드!$C$4:$J$188,4,FALSE) -> 1 | F36: 공숙길 | I36: 완료 | J36: =SUM(K36:O36) -> 18000 | K36: =VLOOKUP($C36,청소코드!$C$4:$J$188,8,FALSE) -> 18000
A37: 46148 | B37: =TEXT(A37,"aaa") -> 수 | C37: B95 | D37: =VLOOKUP($C37,청소코드!$C$4:$J$188,3,FALSE) -> 더하임 905 | E37: =VLOOKUP($C37,청소코드!$C$4:$J$188,4,FALSE) -> 1 | F37: 공숙길 | I37: 완료 | J37: =SUM(K37:O37) -> 18000 | K37: =VLOOKUP($C37,청소코드!$C$4:$J$188,8,FALSE) -> 18000
A38: 46148 | B38: =TEXT(A38,"aaa") -> 수 | C38: L3 | D38: =VLOOKUP($C38,청소코드!$C$4:$J$188,3,FALSE) -> 하람휴 1102 | E38: =VLOOKUP($C38,청소코드!$C$4:$J$188,4,FALSE) -> 2 | F38: 이기섭 | I38: 완료 | J38: =SUM(K38:O38) -> 23000 | K38: =VLOOKUP($C38,청소코드!$C$4:$J$188,8,FALSE) -> 23000
A39: 46148 | B39: =TEXT(A39,"aaa") -> 수 | C39: V12 | D39: =VLOOKUP($C39,청소코드!$C$4:$J$188,3,FALSE) -> 대치동 102호 | E39: =VLOOKUP($C39,청소코드!$C$4:$J$188,4,FALSE) -> 1 | F39: 김남주 | I39: 완료 | J39: =SUM(K39:O39) -> 18000 | K39: =VLOOKUP($C39,청소코드!$C$4:$J$188,8,FALSE) -> 18000
A40: 46148 | B40: =TEXT(A40,"aaa") -> 수 | C40: C | D40: =VLOOKUP($C40,청소코드!$C$4:$J$188,3,FALSE) -> 청광1차 207 | E40: =VLOOKUP($C40,청소코드!$C$4:$J$188,4,FALSE) -> 0 | F40: 박연실 | I40: 완료 | J40: =SUM(K40:O40) -> 10000 | K40: =VLOOKUP($C40,청소코드!$C$4:$J$188,8,FALSE) -> 10000
A41: 46149 | B41: =TEXT(A41,"aaa") -> 목 | D41: =VLOOKUP($C41,청소코드!$C$4:$J$188,3,FALSE) -> #N/A | E41: =VLOOKUP($C41,청소코드!$C$4:$J$188,4,FALSE) -> #N/A | J41: =SUM(K41:O41) -> #N/A | K41: =VLOOKUP($C41,청소코드!$C$4:$J$188,8,FALSE) -> #N/A
A42: 46149 | B42: =TEXT(A42,"aaa") -> 목 | D42: =VLOOKUP($C42,청소코드!$C$4:$J$188,3,FALSE) -> #N/A | E42: =VLOOKUP($C42,청소코드!$C$4:$J$188,4,FALSE) -> #N/A | J42: =SUM(K42:O42) -> #N/A | K42: =VLOOKUP($C42,청소코드!$C$4:$J$188,8,FALSE) -> #N/A
B43: =TEXT(A43,"aaa") -> 토 | D43: =VLOOKUP($C43,청소코드!$C$4:$J$188,3,FALSE) -> #N/A | E43: =VLOOKUP($C43,청소코드!$C$4:$J$188,4,FALSE) -> #N/A | J43: =SUM(K43:O43) -> #N/A | K43: =VLOOKUP($C43,청소코드!$C$4:$J$188,8,FALSE) -> #N/A
B44: =TEXT(A44,"aaa") -> 토 | D44: =VLOOKUP($C44,청소코드!$C$4:$J$188,3,FALSE) -> #N/A | E44: =VLOOKUP($C44,청소코드!$C$4:$J$188,4,FALSE) -> #N/A | J44: =SUM(K44:O44) -> #N/A | K44: =VLOOKUP($C44,청소코드!$C$4:$J$188,8,FALSE) -> #N/A
B45: =TEXT(A45,"aaa") -> 토 | D45: =VLOOKUP($C45,청소코드!$C$4:$J$188,3,FALSE) -> #N/A | E45: =VLOOKUP($C45,청소코드!$C$4:$J$188,4,FALSE) -> #N/A | J45: =SUM(K45:O45) -> #N/A | K45: =VLOOKUP($C45,청소코드!$C$4:$J$188,8,FALSE) -> #N/A
B46: =TEXT(A46,"aaa") -> 토 | D46: =VLOOKUP($C46,청소코드!$C$4:$J$188,3,FALSE) -> #N/A | E46: =VLOOKUP($C46,청소코드!$C$4:$J$188,4,FALSE) -> #N/A | J46: =SUM(K46:O46) -> #N/A | K46: =VLOOKUP($C46,청소코드!$C$4:$J$188,8,FALSE) -> #N/A
B47: =TEXT(A47,"aaa") -> 토 | D47: =VLOOKUP($C47,청소코드!$C$4:$J$188,3,FALSE) -> #N/A | E47: =VLOOKUP($C47,청소코드!$C$4:$J$188,4,FALSE) -> #N/A | J47: =SUM(K47:O47) -> #N/A | K47: =VLOOKUP($C47,청소코드!$C$4:$J$188,8,FALSE) -> #N/A
B48: =TEXT(A48,"aaa") -> 토 | D48: =VLOOKUP($C48,청소코드!$C$4:$J$188,3,FALSE) -> #N/A | E48: =VLOOKUP($C48,청소코드!$C$4:$J$188,4,FALSE) -> #N/A | J48: =SUM(K48:O48) -> #N/A | K48: =VLOOKUP($C48,청소코드!$C$4:$J$188,8,FALSE) -> #N/A
B49: =TEXT(A49,"aaa") -> 토 | D49: =VLOOKUP($C49,청소코드!$C$4:$J$188,3,FALSE) -> #N/A | E49: =VLOOKUP($C49,청소코드!$C$4:$J$188,4,FALSE) -> #N/A | J49: =SUM(K49:O49) -> #N/A | K49: =VLOOKUP($C49,청소코드!$C$4:$J$188,8,FALSE) -> #N/A
B50: =TEXT(A50,"aaa") -> 토 | D50: =VLOOKUP($C50,청소코드!$C$4:$J$188,3,FALSE) -> #N/A | E50: =VLOOKUP($C50,청소코드!$C$4:$J$188,4,FALSE) -> #N/A | J50: =SUM(K50:O50) -> #N/A | K50: =VLOOKUP($C50,청소코드!$C$4:$J$188,8,FALSE) -> #N/A
B51: =TEXT(A51,"aaa") -> 토 | D51: =VLOOKUP($C51,청소코드!$C$4:$J$188,3,FALSE) -> #N/A | E51: =VLOOKUP($C51,청소코드!$C$4:$J$188,4,FALSE) -> #N/A | J51: =SUM(K51:O51) -> #N/A | K51: =VLOOKUP($C51,청소코드!$C$4:$J$188,8,FALSE) -> #N/A
B52: =TEXT(A52,"aaa") -> 토 | D52: =VLOOKUP($C52,청소코드!$C$4:$J$188,3,FALSE) -> #N/A | E52: =VLOOKUP($C52,청소코드!$C$4:$J$188,4,FALSE) -> #N/A | J52: =SUM(K52:O52) -> #N/A | K52: =VLOOKUP($C52,청소코드!$C$4:$J$188,8,FALSE) -> #N/A
B53: =TEXT(A53,"aaa") -> 토 | D53: =VLOOKUP($C53,청소코드!$C$4:$J$188,3,FALSE) -> #N/A | E53: =VLOOKUP($C53,청소코드!$C$4:$J$188,4,FALSE) -> #N/A | J53: =SUM(K53:O53) -> #N/A | K53: =VLOOKUP($C53,청소코드!$C$4:$J$188,8,FALSE) -> #N/A
B54: =TEXT(A54,"aaa") -> 토 | D54: =VLOOKUP($C54,청소코드!$C$4:$J$188,3,FALSE) -> #N/A | E54: =VLOOKUP($C54,청소코드!$C$4:$J$188,4,FALSE) -> #N/A | J54: =SUM(K54:O54) -> #N/A | K54: =VLOOKUP($C54,청소코드!$C$4:$J$188,8,FALSE) -> #N/A
... B337: =TEXT(A337,"aaa") -> 토 | D337: =VLOOKUP($C337,청소코드!$C$4:$J$188,3,FALSE) -> #N/A | E337: =VLOOKUP($C337,청소코드!$C$4:$J$188,4,FALSE) -> #N/A | J337: =SUM(K337:O337) -> #N/A | K337: =VLOOKUP($C337,청소코드!$C$4:$J$188,8,FALSE) -> #N/A
J338: =SUM(J$3:J$1048576) -> #N/A | K338: =VLOOKUP($C338,청소코드!$C$4:$J$188,8,FALSE) -> #N/A | L338: =SUM(L261:L337) -> 0 | M338: =SUM(M261:M337) -> 0 | N338: =SUM(N261:N337) -> 0 | O338: =SUM(O261:O337) -> 0

Sheet 최종입금
A2: 2월 | B2: 1주 | D2: 2월 | E2: 2주 | G2: 2월 | H2: 3주 | J2: 2월 | K2: 4주
A3: 행 레이블 | B3: 합계 : 총 금액(B) | D3: 행 레이블 | E3: 합계 : 총 금액(B) | G3: 행 레이블 | H3: 합계 : 총 금액(B) | J3: 행 레이블 | K3: 합계 : 총 금액(B)
A4: 공숙길 | B4: 201000 | C4: 완료 | D4: 공숙길 | E4: 260000 | F4: 완료 | G4: 공숙길 | H4: 376000 | I4: 완료 | J4: 강수미 | K4: 100000 | L4: 완료
A5: 김민주 | B5: 25000 | C5: 완료 | D5: 김정은 | E5: 406000 | F5: 완료 | G5: 김민주 | H5: 25000 | I5: 완료 | J5: 공숙길 | K5: 220000 | L5: 완료
A6: 김정은 | B6: 325000 | C6: 완료 | D6: 김정한 | E6: 149000 | F6: 완료 | G6: 김정은 | H6: 345000 | I6: 완료 | J6: 김남주 | K6: 90800 | L6: 완료
A7: 김정한 | B7: 134000 | C7: 완료 | D7: 류지영 | E7: 418000 | F7: 완료 | G7: 김정한 | H7: 150000 | I7: 완료 | J7: 김정은 | K7: 366000 | L7: 완료
A8: 류지영 | B8: 431000 | C8: 완료 | D8: 마디나 | E8: 286000 | F8: 완료 | G8: 류지영 | H8: 363000 | I8: 완료 | J8: 김정한 | K8: 132000 | L8: 완료
A9: 마디나 | B9: 308000 | C9: 완료 | D9: 박연실 | E9: 448000 | F9: 완료 | G9: 마디나 | H9: 299000 | I9: 완료 | J9: 류지영 | K9: 116000 | L9: 완료
A10: 박연실 | B10: 404000 | C10: 완료 | D10: 오재관 | E10: 131000 | F10: 완료 | G10: 박연실 | H10: 400000 | I10: 완료 | J10: 마디나 | K10: 252000 | L10: 완료
A11: 오재관 | B11: 98000 | C11: 완료 | D11: 유민정 | E11: 332500 | F11: 완료 | G11: 오재관 | H11: 137000 | I11: 완료 | J11: 박연실 | K11: 405000 | L11: 완료
A12: 유민정 | B12: 278500 | C12: 완료 | D12: 이기섭 | E12: 158000 | F12: 완료 | G12: 유민정 | H12: 128000 | I12: 완료 | J12: 유민정 | K12: 130000 | L12: 완료
A13: 이기섭 | B13: 184000 | C13: 완료 | D13: 장미숙 | E13: 31500 | F13: 완료 | G13: 이기섭 | H13: 115000 | I13: 완료 | J13: 이기섭 | K13: 125000 | L13: 완료
A14: 장미숙 | B14: 23000 | C14: 완료 | D14: 총합계 | E14: 2620000 | G14: 장미숙 | H14: 27000 | I14: 완료 | J14: 총합계 | K14: 1936800
A15: 총합계 | B15: 2411500 | G15: 황월규 | H15: 40000 | I15: 완료
G16: 총합계 | H16: 2405000
A19: 3월 | B19: 1주 | D19: 3월 | E19: 2주 | G19: 3월 | H19: 3주 | J19: 3월 | K19: 4주
A20: 행 레이블 | B20: 합계 : 총 금액(B) | D20: 행 레이블 | E20: 합계 : 총 금액(B) | G20: 행 레이블 | H20: 합계 : 총 금액(B) | J20: 행 레이블 | K20: 합계 : 총 금액(B)
A21: 공숙길 | B21: 157000 | C21: 완료 | D21: 공숙길 | E21: 195000 | G21: 강수미 | H21: 40000 | I21: 완료 | J21: 강수미 | K21: 82000 | L21: 완료
A22: 김남주 | B22: 101000 | C22: 완료 | D22: 김남주 | E22: 164000 | G22: 공숙길 | H22: 214000 | I22: 완료 | J22: 공숙길 | K22: 124000 | L22: 완료
A23: 김우현 | B23: 30000 | C23: 완료 | D23: 김우현 | E23: 34000 | G23: 김남주 | H23: 63000 | I23: 완료 | J23: 김남주 | K23: 80000 | L23: 완료
A24: 김정은 | B24: 257000 | C24: 완료 | D24: 김정은 | E24: 171000 | G24: 김정은 | H24: 144000 | I24: 완료 | J24: 김우현 | K24: 84000 | L24: 완료
A25: 김정한 | B25: 192000 | C25: 완료 | D25: 김정한 | E25: 92000 | G25: 김정한 | H25: 87000 | I25: 완료 | J25: 김정은 | K25: 234000 | L25: 완료
A26: 류지영 | B26: 184000 | C26: 완료 | D26: 류지영 | E26: 172000 | G26: 류지영 | H26: 299000 | I26: 완료 | J26: 김정한 | K26: 133000 | L26: 완료
A27: 마디나 | B27: 169000 | C27: 완료 | D27: 마디나 | E27: 112000 | G27: 마디나 | H27: 151000 | I27: 완료 | J27: 류지영 | K27: 184000 | L27: 완료
A28: 박연실 | B28: 341000 | C28: 완료 | D28: 박연실 | E28: 363000 | G28: 박연실 | H28: 263000 | I28: 완료 | J28: 마디나 | K28: 173000 | L28: 완료
A29: 유민정 | B29: 177000 | C29: 완료 | D29: 유민정 | E29: 174000 | G29: 유민정 | H29: 172000 | I29: 완료 | J29: 박연실 | K29: 309000 | L29: 완료
A30: 이기섭 | B30: 51000 | C30: 완료 | D30: 이기섭 | E30: 125000 | G30: 이기섭 | H30: 97000 | I30: 완료 | J30: 유민정 | K30: 260000 | L30: 완료
A31: 총합계 | B31: 1659000 | D31: 장미숙 | E31: 55500 | G31: 총합계 | H31: 1530000 | J31: 이기섭 | K31: 69000 | L31: 완료
A32: +강수미 5천원 | B32: (기상악화) | C32: 완료 | D32: 총합계 | E32: 1657500 | J32: 총합계 | K32: 1732000
A39: 4월 | B39: 1주 | D39: 4월 | E39: 2주 | G39: 4월 | H39: 3주 | J39: 4월 | K39: 4주
A40: 행 레이블 | B40: 합계 : 총 금액(B) | D40: 행 레이블 | E40: 합계 : 총 금액(B) | G40: 행 레이블 | H40: 합계 : 총 금액(B) | J40: 행 레이블 | K40: 합계 : 총 금액(B)
A41: 공숙길 | B41: 185000 | C41: 완료 | D41: 공숙길 | E41: 293000 | F41: 완료 | G41: 강수미 | H41: 40000 | I41: 완료 | J41: 공숙길 | K41: 92000 | L41: 완료
A42: 김남주 | B42: 60000 | C42: 완료 | D42: 김남주 | E42: 161000 | F42: 완료 | G42: 공숙길 | H42: 181000 | I42: 완료 | J42: 김남주 | K42: 150000 | L42: 완료
A43: 김우현 | B43: 137500 | C43: 완료 | D43: 김정은 | E43: 298000 | F43: 완료 | G43: 김남주 | H43: 200000 | I43: 완료 | J43: 김정은 | K43: 265000 | L43: 완료
A44: 김정은 | B44: 139000 | C44: 완료 | D44: 류지영 | E44: 18000 | F44: 완료 | G44: 김정은 | H44: 274000 | I44: 완료 | J44: 김정한 | K44: 196000 | L44: 완료
A45: 김정한 | B45: 138000 | C45: 완료 | D45: 마디나 | E45: 172000 | F45: 완료 | G45: 김정한 | H45: 225000 | I45: 완료 | J45: 류지영 | K45: 144000 | L45: 완료
A46: 류지영 | B46: 43000 | C46: 완료 | D46: 박연실 | E46: 268000 | F46: 완료 | G46: 류지영 | H46: 58000 | I46: 완료 | J46: 마디나 | K46: 310000 | L46: 완료
A47: 마디나 | B47: 259000 | C47: 완료 | D47: 유민정 | E47: 195000 | F47: 완료 | G47: 마디나 | H47: 339000 | I47: 완료 | J47: 박금주 | K47: 36000 | L47: 완료
A48: 박연실 | B48: 347000 | C48: 완료 | D48: 이기섭 | E48: 120000 | F48: 완료 | G48: 박연실 | H48: 375000 | I48: 완료 | J48: 박연실 | K48: 421000 | L48: 완료
A49: 유민정 | B49: 241000 | C49: 완료 | D49: 총합계 | E49: 1525000 | G49: 유민정 | H49: 236000 | I49: 완료 | J49: 손혜영 | K49: 56000 | L49: 완료
A50: 총합계 | B50: 1549500 | G50: 이기섭 | H50: 171000 | I50: 완료 | J50: 유민정 | K50: 36000 | L50: 완료
G51: 총합계 | H51: 2099000 | J51: 이기섭 | K51: 46000 | L51: 완료
J52: 주경태 | K52: 56000 | L52: 완료
J53: 총합계 | K53: 1808000
A57: 5월 | B57: 1주 | D57: 5월 | E57: 2주 | G57: 5월 | H57: 3주 | J57: 5월 | K57: 4주
A58: 행 레이블 | B58: 합계 : 총 금액(B)
A59: 공숙길 | B59: 159000 | C59: 완료
A60: 김남주 | B60: 86500 | C60: 완료
A61: 김우현 | B61: 36000 | C61: 완료
A62: 김정은 | B62: 276000 | C62: 완료
A63: 김정한 | B63: 60000 | C63: 완료
A64: 마디나 | B64: 308000 | C64: 완료
A65: 박연실 | B65: 405000 | C65: 완료
A66: 손혜영 | B66: 210000 | C66: 완료
A67: 이기섭 | B67: 46000 | C67: 완료
A68: 주경태 | B68: 167000 | C68: 완료
A69: 총합계 | B69: 1753500

Sheet 계좌 및 개인정보
A1: 인원 | B1: 연락처 | C1: 은행 | D1: 계좌 | E1: 예금주명
A2: 마디나 | B2: 010-8447-3332 | C2: 토스 | D2: 1001-8877-7919 | E2: 가
A3: 김정은 | B3: 010-4737-7534 | C3: 신한 | D3: 110-611-123497 | E3: 나
A4: 유민정 | B4: 010-5906-7472 | C4: 우체국 | D4: 013003-02-307591 | E4: 다
A5: 류지영 | B5: 010-4509-5717 | C5: 카카오 | D5: 3333-1742-08879 | E5: 라
A6: 김정한 | B6: 010-7626-1955 | C6: 신한 | D6: 110-314-724-430 | E6: 마
A7: 박연실 | B7: 010-8752-8202 | C7: 기업 | D7: 060-018435-02-014 | E7: 바
A8: 공숙길 | B8: 010-5520-3206 | C8: 우체국 | D8: 013102-02-582835 | E8: 사
A9: 장승연 | B9: 010-2773-2244 | C9: 하나 | D9: 142-910597-91407 | E9: 아
A10: 강수미 | B10: 010-2272-4424 | C10: 신한 | D10: 110-191-641767 | E10: 자
A11: 박진성 | B11: 010-6288-7469 | C11: 농협 | D11: 100029-56-096965 | E11: 차
A12: 김민주 | B12: 010-3265-0145 | C12: 기업 | D12: 540-004738-02-011 | E12: 카
... A18: 한해숙 | B18: 010-5130-4017 | C18: 농협 | D18: 815-0875-6067-124 | E18: C
A19: 황월규 | B19: 010-8442-7877 | C19: 신한 | D19: 351-12-208982
A20: 김남주 | B20: 010-9066-3663 | C20: 국민 | D20: 088210486481
A21: 권은정 | B21: 010-4443-0095 | C21: 농협 | D21: 302-7926-6258-41
A22: 손혜영 | B22: 010-6252-7845 | C22: 카카오 | D22: 3333332544587
A23: 박금주 | C23: 카카오 | D23: 3333177575080
A24: 주경태 | B24: 010-4299-8076 | C24: 신협 | D24: 142001941581
